Marque,Modèle,road,year,boite,transmission,horsepower,fuel,Prix
Hyundai,Tucson,47 000 km,2022,Automatique,Traction,7 cv,Hybride,129 000
Fiat,500 Dolcevita,78 000 km,2021,Manuelle,Traction,4 cv,Hybride,55 000
Fiat,Tipo 5 portes,68 000 km,2021,Manuelle,Traction,5 cv,Essence,49 500
Renault,Clio,138 000 km,2020,Manuelle,Traction,4 cv,Diesel,49 500
Mercedes-Benz,Classe C,158 000 km,2015,Automatique,Traction,8 cv,Essence,99 000
Suzuki,Celerio,0 km,2024,Manuelle,Traction,4 cv,Essence,39 500
Volkswagen,Golf 7,153 000 km,2015,Manuelle,Traction,5 cv,Essence,48 500
Renault,Megane,148 000 km,2021,Manuelle,Traction,5 cv,Diesel,59 500
Peugeot,208 Style,128 000 km,2020,Manuelle,Traction,5 cv,Diesel,45 500
Audi,Q5 S-line,270 000 km,2014,Automatique,Traction,10 cv,Diesel,78 000
Citroën,C1 Importée Tn245,56 000 km,2021,Manuelle,Traction,4 cv,Essence,38 500
KIA,Sportage GT-Line,29 000 km,2023,Automatique,Traction,10 cv,Essence,138 000
Hyundai,Tucson,47 000 km,2022,Automatique,Traction,7 cv,Hybride,129 000
Fiat,500 Dolcevita,78 000 km,2021,Manuelle,Traction,4 cv,Hybride,55 000
Fiat,Tipo 5 portes,68 000 km,2021,Manuelle,Traction,5 cv,Essence,49 500
Renault,Clio,138 000 km,2020,Manuelle,Traction,4 cv,Diesel,49 500
Mercedes-Benz,Classe C,158 000 km,2015,Automatique,Traction,8 cv,Essence,99 000
Suzuki,Celerio,0 km,2024,Manuelle,Traction,4 cv,Essence,39 500
Volkswagen,Golf 7,153 000 km,2015,Manuelle,Traction,5 cv,Essence,48 500
Renault,Megane,148 000 km,2021,Manuelle,Traction,5 cv,Diesel,59 500
Peugeot,208 Style,128 000 km,2020,Manuelle,Traction,5 cv,Diesel,45 500
Audi,Q5 S-line,270 000 km,2014,Automatique,Traction,10 cv,Diesel,78 000
Citroën,C1 Importée Tn245,56 000 km,2021,Manuelle,Traction,4 cv,Essence,38 500
KIA,Sportage GT-Line,29 000 km,2023,Automatique,Traction,10 cv,Essence,138 000
Haval,H6 Luxury,138 000 km,2021,Automatique,Traction,9 cv,Essence,76 000
Peugeot,3008,148 000 km,2020,Automatique,Traction,6 cv,Diesel,79 000
Volkswagen,Amarok TDI 4*4,198 000 km,2012,Manuelle,Traction,7 cv,Diesel,57 000
Mercedes-Benz,CLA AMG,138 000 km,2020,Automatique,Traction,6 cv,Diesel,145 000
Mercedes-Benz,CLA Importée Tn245,138 000 km,2020,Automatique,Traction,6 cv,Diesel,118 000
Mercedes-Benz,CLA,87 000 km,2021,Automatique,Traction,8 cv,Essence,149 000
Volkswagen,Golf 8 STYLE 1.5 BVA eTSI importée,87 000 km,2021,Automatique,Traction,8 cv,Essence,110 000
KIA,Sportage GT-Line,119 000 km,2019,Automatique,Traction,7 cv,Diesel,98 000
Ford,Ecosport Titanium,67 000 km,2022,Manuelle,Traction,7 cv,Essence,69 000
Renault,Megane Sedan,136 000 km,2019,Manuelle,Traction,7 cv,Essence,48 500
Seat,Arona Référence,112 000 km,2020,Manuelle,Intégrale,5 cv,Essence,65 000
Peugeot,308 Allure,170 000 km,2022,Automatique,Intégrale,7 cv,Diesel,85 000
Seat,Arona Xcellence,71 000 km,2019,Manuelle,Intégrale,5 cv,Essence,80 000
Citroën,C-Elysée,92 000 km,2018,Manuelle,Traction,5 cv,Essence,28 000
Peugeot,Partner,87 261 km,2020,Manuelle,Propulsion,5 cv,Diesel,59 000
Citroën,Berlingo,73 262 km,2020,Manuelle,Traction,7 cv,Diesel,89 000
Mercedes-Benz,Classe C AMG,32 178 km,2022,Automatique,Intégrale,11 cv,Hybride,225 000
Audi,A5 Sportback S-Line,34 502 km,2021,Automatique,Traction,8 cv,Essence,210 000
Chevrolet,Sonic 4p,84 318 km,2019,Manuelle,Traction,5 cv,Essence,45 000
Mercedes-Benz,Classe A MERCEDES A45,72 290 km,2016,Automatique,Traction,26 cv,Essence,175 000
Audi,Q3 S-line,77 986 km,2021,Automatique,Propulsion,8 cv,Hybride,175 000
Volkswagen,Golf 8 R-Line,2 395 km,2023,Automatique,Traction,7 cv,Essence,155 000
Volkswagen,Golf 8 GTE,5 496 km,2024,Automatique,Intégrale,8 cv,Hybride,170 000
Mercedes-Benz,CLA AMG,75 356 km,2020,Automatique,Intégrale,6 cv,Hybride,150 000
Hyundai,Tucson HYNDAI TUCSON,82 648 km,2020,Automatique,Propulsion,7 cv,Hybride,120 000
Mercedes-Benz,Classe C AMG,63 139 km,2019,Automatique,Propulsion,10 cv,Hybride,165 000
Peugeot,Partner K9,144 790 km,2019,Manuelle,Propulsion,5 cv,Diesel,55 000
Land,Rover Range Rover Evoque DYNAMIC,82 809 km,2016,Automatique,Intégrale,10 cv,Diesel,152 000
Nissan,100 NX TOWNSTAR,14 924 km,2023,Manuelle,Traction,6 cv,Essence,63 000
Mercedes-Benz,GLC Coupé AMG,26 997 km,2023,Automatique,Intégrale,12 cv,Hybride,365 000
Mercedes-Benz,Classe C Avantgarde,159 000 km,2012,Automatique,Propulsion,9 cv,Essence,74 000
Volkswagen,Golf 7 Join,120 000 km,2020,Automatique,Traction,6 cv,Essence,76 500
BMW,X2 Lounge,0 km,2024,Automatique,Traction,8 cv,Essence,199 000
Land,Rover Range Rover Evoque R-Dynamic,59 000 km,2021,Automatique,Intégrale,8 cv,Diesel,169 000
Volkswagen,Golf 8 R-Line,12 000 km,2022,Manuelle,Traction,8 cv,Hybride,110 000
Mercedes-Benz,GLA AMG,30 000 km,2018,Automatique,Traction,7 cv,Essence,122 000
Mercedes-Benz,GLC Coupé AMG,50 000 km,2021,Automatique,Intégrale,12 cv,Hybride,259 000
Mercedes-Benz,Classe C AMG +,60 000 km,2021,Automatique,Intégrale,10 cv,Hybride,174 000
Volkswagen,T-roc 1.5,9 000 km,2024,Automatique,Traction,8 cv,Hybride,155 000
Mercedes-Benz,Classe C AMG,32 000 km,2022,Automatique,Propulsion,12 cv,Hybride,197 000
Land,Rover Range Rover Evoque R-Dynamic S,59 000 km,2021,Automatique,Intégrale,16 cv,Hybride,218 000
Volkswagen,Golf 8,40 000 km,2020,Automatique,Propulsion,8 cv,Hybride,115 000
Mercedes-Benz,Classe C AMG +,11 000 km,2024,Automatique,Propulsion,9 cv,Hybride,248 000
Suzuki,Jimny,60 000 km,2021,Automatique,Intégrale,6 cv,Essence,89 500
Mercedes-Benz,Classe E coupé AMG,180 000 km,2010,Automatique,Traction,19 cv,Essence,68 000
Volkswagen,T-roc Toit ouvrant,44 000 km,2020,Manuelle,Propulsion,6 cv,Essence,98 000
Mercedes-Benz,Classe C AMG,180 000 km,2016,Automatique,Propulsion,8 cv,Essence,99 500
Mercedes-Benz,GLB AMG,16 000 km,2023,Automatique,Traction,9 cv,Essence,184 000
Mercedes-Benz,Classe E AMG,0 km,2024,Automatique,Intégrale,10 cv,Hybride,435 000
Mercedes-Benz,Classe C AMG,175 000 km,2016,Automatique,Propulsion,8 cv,Essence,109 000
BMW,Série 5 Luxury Line,155 000 km,2017,Automatique,Propulsion,10 cv,Essence,124 500
Mercedes-Benz,Classe A A200,8 000 km,2024,Automatique,Traction,8 cv,Hybride,169 000
KIA,Sportage GT-Line,40 000 km,2023,Automatique,Intégrale,10 cv,Hybride,149 000
Land,Rover Range Rover Velar R-Dynamic,33 000 km,2019,Automatique,Intégrale,17 cv,Essence,268 000
BMW,Série 7 B7 ALPINA,115 000 km,2011,Automatique,Propulsion,17 cv,Essence,158 000
Volkswagen,Golf 8 ÉDITION,45 000 km,2021,Manuelle,Traction,6 cv,Essence,89 500
Mercedes-Benz,Classe E AMG,0 km,2024,Automatique,Intégrale,10 cv,Hybride,450 000
Mercedes-Benz,GLC Coupé AMG,0 km,2024,Automatique,Intégrale,11 cv,Essence,415 000
Mercedes-Benz,CLA AMG,42 000 km,2020,Automatique,Traction,8 cv,Hybride,169 000
Audi,Q5 Sportback S-Line,45 000 km,2022,Automatique,Intégrale,17 cv,Hybride,295 000
Mercedes-Benz,Classe A A 200,57 000 km,2018,Automatique,Traction,9 cv,Essence,124 000
Mercedes-Benz,CLA AMG,30 000 km,2023,Automatique,Traction,7 cv,Essence,188 000
Land,Rover Range Rover Sport,180 000 km,2014,Automatique,Traction,24 cv,Essence,178 000
Porsche,Panamera 4S E-hybride plugin,32 000 km,2021,Automatique,Intégrale,33 cv,Hybride,535 000
Mercedes-Benz,GLC Coupé AMG,106 000 km,2016,Automatique,Intégrale,13 cv,Essence,225 000
Audi,Q3 Sportback hybrid,50 000 km,2021,Automatique,Traction,8 cv,Hybride,175 000
Porsche,Cayenne Coupé,37 000 km,2020,Automatique,Intégrale,23 cv,Essence,380 000
Jaguar,F-Pace R-Dynamic S,27 000 km,2021,Automatique,Intégrale,16 cv,Essence,269 000
BMW,X1 FACELIFT PACK M,87 000 km,2020,Automatique,Traction,8 cv,Essence,129 000
Fiat,500 Cult Club,105 000 km,2013,Manuelle,Traction,4 cv,Essence,34 500
Audi,A3,78 000 km,2019,Manuelle,Traction,6 cv,Essence,78 000
Renault,Clio,133 000 km,2020,Manuelle,Traction,4 cv,Essence,48 500
Peugeot,3008,87 000 km,2019,Automatique,Traction,7 cv,Essence,82 000
Suzuki,Swift,127 000 km,2017,Manuelle,Traction,5 cv,Essence,33 000
Peugeot,307,110 451 km,2007,Manuelle,Traction,8 cv,Essence,25 500
Mercedes-Benz,Classe A AMG,96 000 km,2019,Automatique,Traction,6 cv,Diesel,118 000
Mini,Countryman All4,33 000 km,2020,Automatique,Traction,5 cv,Hybride,139 500
Volkswagen,Jetta Highline,139 000 km,2009,Automatique,Traction,7 cv,Essence,34 500
Peugeot,3008 Allure,75 000 km,2020,Automatique,Traction,6 cv,Essence,75 000
Mahindra,KUV 100,60 200 km,2019,Manuelle,Traction,5 cv,Essence,32 000
Audi,A3 Sportback,222 000 km,2010,Manuelle,Traction,5 cv,Diesel,40 000
Land,Rover Range Rover Evoque R-Dynamic,83 000 km,2020,Automatique,Traction,14 cv,Hybride,195 000
Mercedes-Benz,GLC Coupé AMG,0 km,2024,Automatique,Intégrale,15 cv,Essence,420 000
Mercedes-Benz,Classe C Avantgarde,200 000 km,2014,Automatique,Traction,7 cv,Essence,105 000
Ssangyong,Tivoli Confort Plus,4 700 km,2018,Automatique,Propulsion,7 cv,Essence,65 000
Mini,3 portes John Cooper Works,100 000 km,2017,Automatique,Propulsion,5 cv,Essence,63 000
Toyota,Hilux Double Cabine D4D,140 000 km,2020,Automatique,Intégrale,8 cv,Diesel,168 000
Land,Rover Range Rover Evoque HSE,60 000 km,2022,Automatique,Traction,11 cv,Hybride,255 000
Mercedes-Benz,Classe A Berline AMG,100 000 km,2020,Automatique,Traction,6 cv,Essence,132 000
Land,Rover Range Rover Sport Autobiography,60 000 km,2021,Automatique,Intégrale,19 cv,Hybride,385 000
Mercedes-Benz,CLA AMG,0 km,2024,Automatique,Traction,8 cv,Essence,220 000
Porsche,Cayenne Coupé GTS,70 000 km,2020,Automatique,Traction,22 cv,Hybride,480 000
Mercedes-Benz,GLE Coupé,30 000 km,2022,Automatique,Traction,12 cv,Hybride,450 000
Mercedes-Benz,Classe E AMG,70 000 km,2020,Automatique,Traction,12 cv,Hybride,260 000
Mercedes-Benz,GLC Coupé AMG,80 000 km,2021,Automatique,Intégrale,11 cv,Hybride,270 000
BMW,Série 4 Gran Coupé KIT-M-individual,120 000 km,2016,Automatique,Traction,10 cv,Essence,145 000
Mercedes-Benz,CLA,130 000 km,2017,Automatique,Traction,6 cv,Diesel,115 000
Audi,A3 Sportback 1.5,900 km,2023,Automatique,Intégrale,8 cv,Hybride,145 000
Fiat,Panda City Cross,70 000 km,2020,Manuelle,Traction,4 cv,Essence,41 000
Great,Wall M4,100 000 km,2018,Manuelle,Traction,7 cv,Essence,41 000
Mercedes-Benz,Classe C coupé AMG,86 000 km,2019,Automatique,Traction,10 cv,Hybride,178 000
Land,Rover Range Rover Evoque R-Dynamic,150 000 km,2016,Automatique,Propulsion,10 cv,Diesel,122 000
BMW,Série 4 Gran Coupé,90 000 km,2019,Automatique,Traction,7 cv,Essence,145 000
Mercedes-Benz,GLA AMG,20 000 km,2023,Automatique,Traction,7 cv,Essence,189 000
Land,Rover Range Rover Velar R-Dynamic,55 000 km,2020,Automatique,Propulsion,10 cv,Diesel,258 000
Hyundai,Kona Hybride N Line,19 500 km,2020,Automatique,Intégrale,6 cv,Hybride,97 500
Audi,Q3,110 000 km,2019,Automatique,Propulsion,9 cv,Essence,112 000
Porsche,Cayenne,195 000 km,2012,Automatique,Propulsion,21 cv,Essence,152 000
Mercedes-Benz,Classe S S 350 phase 2,165 000 km,2010,Automatique,Traction,18 cv,Essence,122 000
Mercedes-Benz,Classe C AMG,135 000 km,2019,Automatique,Traction,8 cv,Essence,Sous leasing                    161 300
MG,HS Trophy,35 000 km,2021,Automatique,Traction,15 cv,Essence,103 000
Volkswagen,Golf 7 Join,83 000 km,2018,Manuelle,Propulsion,4 cv,Essence,72 000
Mercedes-Benz,Classe S S350. Toit ouvrant,147 000 km,2009,Automatique,Traction,19 cv,Essence,98 000
KIA,Rio 5p SX Plus,79 000 km,2020,Manuelle,Traction,5 cv,Essence,58 000
Hyundai,Grand i10,82 000 km,2022,Manuelle,Traction,4 cv,Essence,42 000
Mercedes-Benz,Classe C,301 000 km,2012,Automatique,Traction,9 cv,Essence,62 000
Mercedes-Benz,Classe A,135 000 km,2012,Automatique,Traction,6 cv,Essence,59 500
Hyundai,Grand i10,79 000 km,2021,Manuelle,Traction,5 cv,Essence,42 900
Mercedes-Benz,Classe C,172 000 km,2018,Automatique,Traction,8 cv,Essence,105 000
KIA,Optima,206 000 km,2012,Automatique,Traction,10 cv,Essence,44 000
KIA,Rio Berline,87 000 km,2017,Manuelle,Traction,5 cv,Essence,44 500
BMW,X6,146 000 km,2008,Automatique,Traction,22 cv,Essence,65 000
Ford,Ranger Raptor,57 000 km,2022,Automatique,Traction,7 cv,Diesel,235 000
Volkswagen,Golf 7,307 000 km,2013,Automatique,Traction,6 cv,Essence,38 500
BMW,Série 5 Luxury,58 000 km,2022,Automatique,Traction,10 cv,Hybride,236 500
Haval,H6,73 000 km,2020,Automatique,Traction,9 cv,Essence,75 000
Citroën,C4,195 000 km,2014,Manuelle,Traction,6 cv,Essence,29 500
Hyundai,Tucson Hybride,109 000 km,2021,Automatique,Traction,7 cv,Hybride,120 000
Citroën,C3 Live,94 000 km,2017,Automatique,Traction,6 cv,Essence,41 000
Honda,City,89 000 km,2021,Automatique,Traction,7 cv,Essence,49 500
KIA,Picanto GT-Line,111 000 km,2019,Automatique,Traction,5 cv,Essence,41 900
Fiat,500,170 000 km,2011,Manuelle,Traction,4 cv,Essence,26 000
Nissan,Juke Tekna,125 000 km,2015,Automatique,Traction,7 cv,Essence,48 500
Fiat,Siena,300 000 km,2004,Manuelle,Traction,5 cv,Essence,18 500
Seat,Leon SC Référence,70 000 km,2016,Manuelle,Traction,6 cv,Essence,49 500
Jeep,Grand Cherokee,132 000 km,2016,Automatique,Traction,20 cv,Essence,180 000
MG,ZS Luxe,96 000 km,2020,Automatique,Traction,7 cv,Essence,65 000
KIA,Rio 5p,143 000 km,2016,Manuelle,Traction,5 cv,Essence,40 900
Audi,Q2,78 000 km,2018,Automatique,Traction,7 cv,Essence,104 900
Volkswagen,Polo,144 000 km,2006,Manuelle,Traction,4 cv,Essence,21 900
Citroën,C3,192 000 km,2011,Manuelle,Traction,5 cv,Essence,27 500
Volkswagen,Polo 8,112 000 km,2022,Manuelle,Traction,4 cv,Essence,44 900
Peugeot,301,195 000 km,2018,Manuelle,Traction,5 cv,Essence,25 500
Peugeot,208,11 000 km,2020,Manuelle,Traction,4 cv,Essence,39 000
Ford,Fiesta Titanium Red Candy,140 000 km,2015,Manuelle,Traction,5 cv,Essence,33 500
Fiat,Grande Punto,166 000 km,2010,Manuelle,Traction,5 cv,Essence,18 900
Hyundai,H-1,224 000 km,2002,Manuelle,Traction,8 cv,Diesel,23 000
Peugeot,208,37 000 km,2022,Manuelle,Traction,4 cv,Essence,45 500
Mercedes-Benz,ML,240 000 km,2009,Automatique,Traction,15 cv,Diesel,80 000
KIA,Sportage GT-Line,143 000 km,2016,Automatique,Traction,10 cv,Diesel,97 000
Chery,Tiggo 3X,74 000 km,2022,Automatique,Traction,6 cv,Essence,54 500
Mazda,BT-50,154 000 km,2019,Manuelle,Traction,9 cv,Diesel,65 000
BMW,Série 3 F30 Pack Modern,139 000 km,2012,Automatique,Traction,10 cv,Essence,61 500
Chevrolet,Groove Premier,6 500 km,2024,Automatique,Traction,6 cv,Essence,76 500
Seat,Ibiza,1 300 km,2024,Automatique,Traction,6 cv,Essence,77 500
Suzuki,Swift,14 000 km,2023,Automatique,Traction,5 cv,Essence,52 000
MG,5 Luxe,26 000 km,2022,Automatique,Traction,7 cv,Essence,70 000
Seat,Ibiza,124 000 km,2018,Manuelle,Traction,4 cv,Essence,42 500
Volkswagen,Caddy,85 000 km,2016,Manuelle,Traction,5 cv,Diesel,41 500
Citroën,C4,199 000 km,2013,Manuelle,Traction,6 cv,Essence,31 900
Land,Rover Range Rover Sport,184 000 km,2008,Automatique,Traction,13 cv,Diesel,79 000
Citroën,C3,115 000 km,2011,Manuelle,Traction,5 cv,Essence,27 500
MG,3 Confort Plus,12 000 km,2024,Manuelle,Traction,6 cv,Essence,59 000
Hyundai,Autre H350 Solati,26 000 km,2021,Manuelle,Traction,8 cv,Diesel,72 000
Volkswagen,Caddy,38 000 km,2022,Manuelle,Traction,7 cv,Diesel,68 000
Ford,Fusion,146 000 km,2016,Manuelle,Traction,9 cv,Essence,45 000
Mercedes-Benz,ML,283 000 km,2006,Automatique,Traction,15 cv,Diesel,38 000
Toyota,Prado,330 000 km,2002,Manuelle,Traction,11 cv,Diesel,53 000
Peugeot,207,290 000 km,2011,Manuelle,Traction,6 cv,Diesel,27 500
Seat,Leon,159 000 km,2020,Manuelle,Traction,6 cv,Essence,64 500
Mercedes-Benz,Classe A,174 000 km,2014,Manuelle,Traction,6 cv,Essence,56 000
Citroën,C4 Cactus,146 000 km,2019,Manuelle,Traction,5 cv,Diesel,58 000
Suzuki,Swift,139 000 km,2018,Automatique,Traction,5 cv,Essence,39 000
Infiniti,FX 35,182 000 km,2008,Automatique,Traction,20 cv,Essence,43 000
Land,Rover Range Rover Sport HSE,200 000 km,2009,Automatique,Traction,13 cv,Diesel,85 000
Chery,Tiggo 2 Confort,135 000 km,2020,Manuelle,Traction,6 cv,Essence,41 000
Geely,GC6,77 000 km,2021,Manuelle,Traction,6 cv,Essence,35 000
Citroën,Jumpy Fourgon,183 000 km,2015,Manuelle,Traction,6 cv,Diesel,38 000
Volkswagen,Golf 6,262 000 km,2010,Manuelle,Traction,7 cv,Essence,34 000
Fiat,Strada,228 000 km,2001,Manuelle,Traction,7 cv,Diesel,24 000
Toyota,Hilux Double Cabine,214 000 km,2018,Manuelle,Traction,8 cv,Diesel,125 000
Nissan,Qashqai,141 000 km,2017,Automatique,Traction,6 cv,Essence,74 900
Ford,Fiesta Ghia,260 000 km,2008,Manuelle,Traction,5 cv,Essence,24 500
Peugeot,2008 Allure Toit Cielo,75 000 km,2018,Manuelle,Traction,5 cv,Essence,48 000
Ford,Ranger Double Cabine XLT,70 000 km,2020,Automatique,Traction,7 cv,Diesel,150 000
Volkswagen,Passat,212 000 km,2007,Manuelle,Traction,7 cv,Essence,28 000
Hyundai,Grand i10,97 000 km,2020,Automatique,Traction,4 cv,Essence,41 500
KIA,Sportage,150 000 km,2018,Automatique,Traction,8 cv,Essence,76 000
BMW,Série 3 coupé,232 000 km,2009,Manuelle,Traction,7 cv,Essence,39 900
Volkswagen,Polo 7,316 000 km,2011,Manuelle,Traction,4 cv,Diesel,31 900
Volkswagen,Golf Plus Sportsvan Join,72 000 km,2018,Manuelle,Traction,6 cv,Essence,79 000
Land,Rover Defender 110 LXV,115 000 km,2014,Manuelle,Traction,8 cv,Diesel,200 000
Mazda,3 sedan,147 000 km,2018,Manuelle,Traction,6 cv,Essence,52 000
Ford,Focus Ecoboost,227 000 km,2016,Manuelle,Traction,6 cv,Essence,36 000
Mercedes-Benz,Classe E,252 000 km,2017,Automatique,Traction,9 cv,Essence,110 000
BMW,Série 7 X-Drive,200 000 km,2012,Automatique,Traction,20 cv,Diesel,155 500
Nissan,Qashqai,285 000 km,2011,Manuelle,Traction,6 cv,Diesel,39 500
Toyota,C-HR,77 000 km,2020,Automatique,Traction,6 cv,Essence,88 000
Renault,Clio Life Plus,149 000 km,2021,Manuelle,Traction,5 cv,Essence,43 900
Mercedes-Benz,ML,237 000 km,2006,Automatique,Traction,15 cv,Diesel,56 000
Volkswagen,Golf 7 Cup,139 000 km,2015,Automatique,Traction,7 cv,Essence,59 900
Mahindra,KUV 100 K8,79 000 km,2022,Manuelle,Traction,5 cv,Essence,36 000
Mazda,CX-7,165 000 km,2009,Automatique,Traction,18 cv,Essence,45 000
Mazda,CX-9 High grade,169 000 km,2019,Automatique,Traction,15 cv,Essence,98 000
Seat,Leon Style,96 000 km,2014,Automatique,Traction,6 cv,Essence,53 000
KIA,Picanto,91 000 km,2021,Automatique,Traction,5 cv,Essence,45 000
Volkswagen,Golf 7,175 000 km,2014,Manuelle,Traction,5 cv,Essence,47 000
BMW,Série 3,241 000 km,2008,Manuelle,Traction,7 cv,Essence,41 000
Renault,Clio,47 000 km,2020,Manuelle,Traction,4 cv,Essence,44 000
Mercedes-Benz,Classe C,146 000 km,2017,Automatique,Traction,8 cv,Essence,130 000
Skoda,Octavia,174 000 km,2016,Automatique,Traction,8 cv,Essence,51 000
Nissan,Juke Tekna,5 000 km,2024,Automatique,Traction,6 cv,Essence,95 000
Mercedes-Benz,Classe E,37 000 km,2021,Automatique,Traction,10 cv,Hybride,260 000
Hyundai,Grand i10 High Grade,1 000 km,2024,Automatique,Traction,5 cv,Essence,63 900
Skoda,Scala,94 000 km,2021,Automatique,Traction,6 cv,Essence,64 000
Mitsubishi,L200 Sportero Double Cabine,60 000 km,2022,Automatique,Traction,8 cv,Diesel,130 000
Audi,A6,117 000 km,2015,Automatique,Traction,10 cv,Essence,99 500
Seat,Ibiza,87 000 km,2020,Manuelle,Traction,6 cv,Essence,63 500
Ssangyong,Tivoli,83 000 km,2018,Manuelle,Traction,7 cv,Essence,50 000
Mini,Countryman,179 000 km,2010,Manuelle,Traction,6 cv,Essence,41 000
Audi,A4,141 000 km,2017,Automatique,Traction,8 cv,Essence,85 000
Jeep,Cherokee,297 000 km,2015,Automatique,Traction,10 cv,Diesel,80 000
Porsche,Panamera,192 000 km,2009,Automatique,Traction,30 cv,Essence,165 000
Mercedes-Benz,Classe S,112 000 km,2007,Automatique,Traction,19 cv,Essence,78 000
BMW,Série 5,135 000 km,2018,Automatique,Traction,10 cv,Essence,134 000
Mercedes-Benz,Classe E coupé,194 000 km,2009,Automatique,Traction,12 cv,Essence,49 500
KIA,Rio 5p,69 000 km,2019,Manuelle,Traction,5 cv,Essence,43 000
Dongfeng,AX4,33 000 km,2022,Manuelle,Traction,7 cv,Essence,59 500
Chevrolet,Sonic LS,89 000 km,2021,Manuelle,Traction,5 cv,Essence,41 000
Porsche,Panamera,150 000 km,2010,Automatique,Traction,30 cv,Essence,185 000
Peugeot,3008,131 000 km,2017,Manuelle,Traction,7 cv,Essence,62 000
Foton,Forland Aumark C6514,35 000 km,2016,Manuelle,Traction,10 cv,Diesel,55 000
Chery,Tiggo 7 Pro,60 000 km,2021,Automatique,Traction,9 cv,Essence,75 000
Citroën,C4 Cactus,142 000 km,2015,Manuelle,Traction,5 cv,Essence,37 500
Nissan,Qashqai Tekna,95 000 km,2016,Manuelle,Traction,6 cv,Essence,63 500
BMW,X5,283 000 km,2007,Automatique,Traction,15 cv,Diesel,68 500
Citroën,C4 Picasso,270 000 km,2011,Automatique,Traction,6 cv,Diesel,39 900
Volkswagen,Passat,181 000 km,2012,Automatique,Traction,9 cv,Essence,44 500
DFSK,K02S,99 000 km,2019,Manuelle,Traction,6 cv,Essence,18 500
Citroën,C3,156 000 km,2020,Manuelle,Traction,4 cv,Essence,36 000
Mercedes-Benz,Classe E,189 000 km,2009,Automatique,Traction,11 cv,Diesel,63 900
Audi,Q3 Sportback,122 000 km,2021,Automatique,Traction,9 cv,Essence,152 000
Volkswagen,Golf 7,181 000 km,2019,Automatique,Traction,6 cv,Essence,56 000
Haval,Jolion,24 000 km,2023,Automatique,Traction,9 cv,Essence,93 500
MG,ZS,32 000 km,2022,Manuelle,Traction,7 cv,Essence,69 500
Suzuki,Vitara GLX SR,183 000 km,2017,Automatique,Traction,6 cv,Essence,59 000
Peugeot,301 Allure,93 000 km,2014,Manuelle,Traction,5 cv,Essence,27 500
Volkswagen,Jetta,171 000 km,2018,Manuelle,Traction,7 cv,Essence,56 900
Mercedes-Benz,CLA,191 000 km,2013,Automatique,Traction,8 cv,Essence,77 500
Isuzu,D-Max Double Cabine,244 000 km,2013,Manuelle,Traction,8 cv,Diesel,115 000
Volkswagen,Golf 7,54 000 km,2015,Manuelle,Traction,5 cv,Essence,58 000
Hyundai,Grand i10,43 000 km,2021,Manuelle,Traction,4 cv,Essence,41 900
Renault,Clio 4,90 000 km,2020,Manuelle,Traction,5 cv,Essence,44 000
Jaguar,XJL,51 000 km,2014,Automatique,Traction,16 cv,Essence,130 000
Haval,H6,12 000 km,2023,Automatique,Traction,8 cv,Essence,125 000
Porsche,Cayenne,184 000 km,2008,Automatique,Traction,21 cv,Essence,85 000
Nissan,Patrol,417 000 km,1991,Manuelle,Traction,17 cv,Diesel,32 000
Peugeot,2008 Allure,60 000 km,2016,Manuelle,Traction,5 cv,Essence,45 000
Mahindra,Pick-up SC,62 000 km,2023,Manuelle,Traction,7 cv,Diesel,45 000
Porsche,Cayenne,206 000 km,2010,Automatique,Traction,21 cv,Essence,115 000
Land,Rover Range Rover Velar R-Dynamic,60 000 km,2019,Automatique,Traction,11 cv,Diesel,330 000
Mercedes-Benz,CLA,36 000 km,2022,Automatique,Traction,7 cv,Essence,Sous leasing                    185 400
BMW,Série 5,197 000 km,2012,Automatique,Traction,10 cv,Essence,79 900
Ford,Ecosport,101 000 km,2016,Automatique,Traction,6 cv,Essence,59 500
Toyota,Land Cruiser 79 LX,174 000 km,2016,Manuelle,Traction,17 cv,Diesel,115 000
Renault,Megane,93 000 km,2020,Manuelle,Traction,5 cv,Diesel,58 000
Hyundai,i20,132 000 km,2016,Manuelle,Traction,5 cv,Essence,43 000
Peugeot,Partner,113 000 km,2018,Manuelle,Traction,5 cv,Diesel,39 500
Hyundai,i20 GLS,68 000 km,2021,Manuelle,Traction,5 cv,Essence,52 900
Ford,Ka,185 000 km,2010,Manuelle,Traction,4 cv,Essence,21 900
Volkswagen,Golf 7,289 000 km,2013,Manuelle,Traction,7 cv,Essence,52 000
Seat,Tarraco FR,13 000 km,2024,Automatique,Traction,9 cv,Essence,159 000
Ford,Ecosport Titanium,99 000 km,2021,Automatique,Traction,7 cv,Essence,67 000
KIA,Optima,176 000 km,2014,Automatique,Traction,10 cv,Essence,45 500
Toyota,Prado,56 000 km,2014,Manuelle,Traction,11 cv,Essence,195 000
Audi,A5 Sportback,131 000 km,2019,Automatique,Traction,8 cv,Essence,115 000
Chery,Tiggo 3X Luxury,56 000 km,2022,Automatique,Traction,6 cv,Essence,55 000
Volkswagen,Tiguan R-Line,104 000 km,2018,Automatique,Traction,8 cv,Essence,117 000
BMW,X5,159 000 km,2010,Automatique,Traction,19 cv,Diesel,86 000
Citroën,DS5,205 000 km,2012,Automatique,Traction,6 cv,Diesel,43 000
Citroën,Jumpy Fourgon,123 000 km,2022,Manuelle,Traction,7 cv,Diesel,72 000
Audi,A5 Coupé S-Line,201 000 km,2011,Automatique,Traction,10 cv,Essence,48 000
Volkswagen,Polo,26 000 km,2021,Manuelle,Traction,4 cv,Essence,55 000
Audi,A5 Coupé S-Line,168 000 km,2009,Automatique,Traction,13 cv,Essence,56 000
Suzuki,Vitara,96 000 km,2018,Automatique,Traction,6 cv,Essence,72 000
Land,Rover Range Rover Evoque,130 000 km,2015,Automatique,Traction,10 cv,Diesel,139 000
Opel,Corsa,41 000 km,2022,Manuelle,Traction,5 cv,Essence,59 900
Haval,H6 Luxury,60 000 km,2019,Automatique,Traction,9 cv,Essence,85 000
Dacia,Sandero Stepway,75 000 km,2015,Manuelle,Traction,5 cv,Essence,40 000
Nissan,Navara,364 000 km,2009,Automatique,Traction,8 cv,Diesel,49 000
Honda,HR-V,79 000 km,2017,Manuelle,Traction,7 cv,Essence,58 000
Mercedes-Benz,Classe E,160 000 km,2009,Automatique,Traction,12 cv,Diesel,59 000
Mercedes-Benz,Classe E,176 000 km,2012,Automatique,Traction,11 cv,Essence,72 000
Mercedes-Benz,Classe C,157 000 km,2016,Automatique,Traction,6 cv,Diesel,125 000
BMW,X1,78 000 km,2020,Automatique,Traction,8 cv,Essence,98 000
Mercedes-Benz,Classe E,15 000 km,2022,Automatique,Traction,9 cv,Essence,248 000
Volkswagen,Golf 7,183 000 km,2019,Manuelle,Traction,6 cv,Diesel,73 500
Seat,Ateca Xcellence,192 000 km,2017,Automatique,Traction,8 cv,Essence,71 000
Citroën,Jumper,476 000 km,2010,Manuelle,Traction,7 cv,Diesel,29 500
Nissan,Patrol,481 000 km,1991,Manuelle,Traction,11 cv,Diesel,42 000
Great,Wall Poer MT,61 000 km,2021,Manuelle,Traction,11 cv,Diesel,88 000
Toyota,RAV 4 Hybride,31 000 km,2022,Automatique,Traction,9 cv,Hybride,155 000
Toyota,C-HR,47 000 km,2021,Automatique,Traction,6 cv,Essence,89 000
Opel,Mokka,37 000 km,2014,Manuelle,Traction,7 cv,Diesel,59 500
BMW,X5,295 000 km,2007,Automatique,Traction,16 cv,Diesel,65 000
Hyundai,Grand i10,34 000 km,2022,Manuelle,Traction,5 cv,Essence,49 000
Peugeot,Rifter,67 000 km,2019,Manuelle,Traction,6 cv,Essence,69 000
KIA,Optima,379 000 km,2012,Automatique,Traction,10 cv,Essence,38 000
Peugeot,208 3P,104 000 km,2017,Manuelle,Traction,5 cv,Essence,29 900
Mercedes-Benz,Classe C Avantgarde,185 000 km,2009,Automatique,Traction,9 cv,Essence,49 500
Toyota,Land Cruiser 80,506 000 km,1996,Manuelle,Traction,17 cv,Diesel,69 000
Volkswagen,Golf 7,75 000 km,2016,Automatique,Traction,13 cv,Essence,110 000
Toyota,C-HR,150 000 km,2017,Automatique,Traction,6 cv,Essence,69 500
Skoda,Fabia,105 000 km,2021,Manuelle,Traction,4 cv,Essence,43 000
Volkswagen,Passat CC,191 000 km,2014,Automatique,Traction,10 cv,Essence,53 000
Toyota,Land Cruiser,347 000 km,1999,Manuelle,Traction,17 cv,Diesel,55 000
Mazda,3 High Grade,107 000 km,2017,Manuelle,Traction,6 cv,Essence,56 000
Citroën,C3 Shine,62 000 km,2019,Automatique,Traction,6 cv,Essence,47 500
Mercedes-Benz,GLA,97 000 km,2016,Automatique,Traction,8 cv,Essence,92 000
Volkswagen,Passat CC,150 000 km,2009,Automatique,Traction,12 cv,Essence,37 000
Audi,A4,240 000 km,2012,Automatique,Traction,8 cv,Diesel,50 000
Ford,Ecosport Titanium,97 000 km,2018,Automatique,Traction,7 cv,Essence,62 000
Mercedes-Benz,Classe C,113 000 km,2017,Automatique,Traction,8 cv,Essence,135 000
BMW,Série 3,177 000 km,2018,Automatique,Traction,7 cv,Essence,85 000
Ford,Focus Titanium,161 000 km,2018,Manuelle,Traction,6 cv,Essence,39 900
MG,ZS,68 000 km,2020,Automatique,Traction,7 cv,Essence,64 000
Citroën,C3,136 000 km,2014,Manuelle,Traction,5 cv,Essence,28 000
Haval,H6,11 000 km,2023,Automatique,Traction,8 cv,Essence,126 000
BMW,Série 5,179 000 km,2013,Automatique,Traction,10 cv,Essence,79 500
BMW,Série 4 Gran Coupé,99 000 km,2019,Automatique,Traction,7 cv,Essence,115 000
Nissan,Qashqai,256 000 km,2011,Manuelle,Traction,6 cv,Diesel,38 500
Hyundai,Grand i10,39 000 km,2023,Manuelle,Traction,4 cv,Essence,47 000
Mercedes-Benz,Classe A,101 000 km,2020,Automatique,Traction,7 cv,Essence,129 000
Iveco,Daily Fourgon,31 000 km,2015,Manuelle,Traction,16 cv,Diesel,110 000
Mercedes-Benz,Classe E,223 000 km,2017,Automatique,Traction,9 cv,Essence,119 000
Toyota,Hilux Double Cabine,114 000 km,2019,Manuelle,Traction,8 cv,Diesel,160 000
Mercedes-Benz,Classe C,112 000 km,2019,Automatique,Traction,10 cv,Hybride,145 000
Hyundai,Coupe,138 000 km,2003,Manuelle,Traction,7 cv,Essence,30 000
Mercedes-Benz,Sprinter Van,459 000 km,2011,Manuelle,Traction,7 cv,Diesel,40 000
Volkswagen,Amarok,81 000 km,2013,Manuelle,Traction,11 cv,Essence,53 000
Peugeot,Landtrek Double Cabine,34 000 km,2022,Manuelle,Traction,6 cv,Diesel,95 000
KIA,Sportage,232 000 km,2011,Automatique,Traction,11 cv,Essence,47 000
BMW,Série 5,151 000 km,2016,Automatique,Traction,9 cv,Essence,120 000
Porsche,Cayenne,195 000 km,2012,Automatique,Traction,15 cv,Diesel,155 000
KIA,Rio Berline,35 000 km,2022,Automatique,Traction,6 cv,Essence,69 900
Mitsubishi,Pajero Sport,510 000 km,1999,Manuelle,Traction,9 cv,Diesel,45 000
DFSK,K01,81 000 km,2018,Manuelle,Traction,7 cv,Essence,22 000
Great,Wall M4,51 000 km,2019,Manuelle,Traction,6 cv,Essence,45 000
Chery,E3,95 000 km,2018,Manuelle,Traction,6 cv,Essence,32 000
BMW,Série 1,105 000 km,2016,Manuelle,Traction,6 cv,Essence,59 000
Mercedes-Benz,Classe C,247 000 km,2015,Automatique,Traction,8 cv,Essence,90 000
Peugeot,3008,261 000 km,2010,Manuelle,Traction,7 cv,Essence,32 000
BMW,Série 2 Gran Coupé,61 000 km,2020,Automatique,Traction,8 cv,Essence,120 000
Nissan,Patrol,359 000 km,2006,Manuelle,Traction,12 cv,Diesel,66 000
Audi,A4,233 000 km,2011,Manuelle,Traction,7 cv,Essence,46 000
Peugeot,traveller,98 000 km,2019,Manuelle,Traction,5 cv,Diesel,85 000
Mercedes-Benz,CLA,239 000 km,2017,Automatique,Traction,7 cv,Essence,92 000
Mercedes-Benz,Classe E,199 000 km,2010,Automatique,Traction,11 cv,Essence,59 000
Citroën,C4 Coupé,300 000 km,2009,Manuelle,Traction,7 cv,Essence,21 000
BMW,X2,75 000 km,2020,Automatique,Traction,8 cv,Essence,134 000
Fiat,500 Dolcevita,21 000 km,2021,Automatique,Traction,4 cv,Essence,55 000
KIA,Sportage GT-Line,90 000 km,2018,Automatique,Traction,10 cv,Diesel,110 000
Haval,H6 Luxury,110 000 km,2019,Automatique,Traction,9 cv,Essence,77 000
Land,Rover Range Rover Sport,211 000 km,2007,Automatique,Traction,32 cv,Essence,88 000
Fiat,500,20 000 km,2020,Manuelle,Traction,4 cv,Hybride,59 000
KIA,Sorento,209 000 km,2015,Automatique,Traction,12 cv,Diesel,89 000
Ford,Kuga,208 000 km,2017,Automatique,Traction,11 cv,Essence,65 000
Peugeot,208 3P,74 000 km,2016,Manuelle,Traction,5 cv,Essence,38 500
Land,Rover Range Rover Sport,47 000 km,2019,Automatique,Traction,17 cv,Hybride,340 000
Volkswagen,Golf 6,295 000 km,2011,Automatique,Traction,5 cv,Diesel,41 000
BAIC,YX Kenbo S2,114 000 km,2018,Manuelle,Traction,7 cv,Essence,38 000
Mercedes-Benz,CLA,70 000 km,2021,Automatique,Traction,7 cv,Essence,149 500
Haval,H6 Luxury,75 000 km,2020,Automatique,Traction,9 cv,Essence,79 900
Mazda,CX-9,160 000 km,2011,Automatique,Traction,20 cv,Essence,38 000
Mercedes-Benz,Classe E Avantgarde,238 000 km,2009,Automatique,Propulsion,9 cv,Diesel,64 500
Citroën,Jumpy Combi,124 000 km,2018,Manuelle,Traction,6 cv,Diesel,85 000
KIA,Sportage GT-Line,94 000 km,2019,Automatique,Traction,11 cv,Essence,104 000
Suzuki,Vitara,270 000 km,1993,Automatique,Traction,9 cv,Essence,33 000
Mercedes-Benz,Classe A Progressive,137 000 km,2019,Automatique,Traction,7 cv,Essence,85 900
Chery,Tiggo 8,44 000 km,2022,Automatique,Traction,9 cv,Essence,79 000
Audi,A4,265 000 km,2012,Automatique,Traction,7 cv,Essence,47 000
KIA,Sportage,324 000 km,2012,Automatique,Traction,11 cv,Diesel,54 000
Honda,CR-V,158 000 km,2019,Automatique,Traction,11 cv,Essence,85 000
Volkswagen,Golf 6,252 000 km,2012,Automatique,Traction,5 cv,Diesel,42 000
Land,Rover Discovery Sport,126 000 km,2015,Automatique,Traction,9 cv,Diesel,122 000
Mercedes-Benz,GLA,65 000 km,2016,Automatique,Traction,8 cv,Essence,118 000
Citroën,C3,51 000 km,2019,Manuelle,Traction,4 cv,Essence,44 000
Hyundai,Tucson Hybride,40 000 km,2022,Automatique,Traction,7 cv,Hybride,167 000
Volvo,XC60,295 000 km,2012,Automatique,Traction,10 cv,Diesel,48 000
Fiat,Ducato,89 000 km,2019,Manuelle,Traction,8 cv,Diesel,64 000
Mercedes-Benz,Classe A,182 000 km,2013,Manuelle,Traction,7 cv,Essence,62 000
Ford,Ranger,191 000 km,2014,Automatique,Traction,7 cv,Diesel,68 000
Haval,H6 Luxury,227 000 km,2018,Automatique,Traction,9 cv,Essence,46 500
Citroën,Jumpy Fourgon,170 000 km,2019,Manuelle,Traction,7 cv,Diesel,65 000
Renault,Express,46 000 km,2023,Manuelle,Traction,5 cv,Diesel,50 000
Audi,Q7,180 000 km,2010,Automatique,Traction,16 cv,Diesel,69 000
Mercedes-Benz,CLA,20 000 km,2018,Automatique,Traction,7 cv,Essence,115 000
Land,Rover Range Rover Velar R-Dynamic,26 000 km,2022,Automatique,Traction,16 cv,Essence,380 000
BMW,X6,85 000 km,2015,Automatique,Traction,34 cv,Essence,335 000
Seat,Leon FR,193 000 km,2011,Manuelle,Traction,7 cv,Essence,37 500
Lada,Niva,34 000 km,2018,Manuelle,Traction,7 cv,Essence,48 500
Mercedes-Benz,Classe S,151 000 km,2008,Automatique,Traction,19 cv,Essence,95 000
Peugeot,3008,230 000 km,2010,Manuelle,Traction,7 cv,Essence,33 000
Audi,A4,241 000 km,2008,Automatique,Traction,11 cv,Essence,50 000
Peugeot,3008,132 000 km,2018,Automatique,Traction,9 cv,Essence,84 900
Jaguar,XJL,163 000 km,2014,Automatique,Traction,16 cv,Essence,120 000
Chery,Tiggo 3X Luxury,15 000 km,2022,Automatique,Traction,6 cv,Essence,62 000
Citroën,C3 Shine,98 000 km,2017,Manuelle,Traction,4 cv,Essence,36 900
Haval,H6 Luxury,100 000 km,2017,Automatique,Traction,9 cv,Essence,65 000
Mercedes-Benz,CLA,59 000 km,2019,Automatique,Traction,7 cv,Essence,134 900
BMW,Série 3,152 000 km,2016,Automatique,Traction,7 cv,Essence,85 000
Seat,Leon Style Plus,118 000 km,2017,Manuelle,Traction,6 cv,Essence,62 000
Volkswagen,Golf 7,191 000 km,2015,Manuelle,Traction,5 cv,Essence,49 000
Porsche,Cayenne,212 000 km,2009,Automatique,Traction,30 cv,Essence,78 000
BMW,Série 4 Coupé,151 000 km,2014,Automatique,Traction,10 cv,Essence,86 000
Audi,A4,175 000 km,2014,Manuelle,Traction,7 cv,Essence,50 000
Mahindra,KUV 100 K6+,87 000 km,2020,Manuelle,Traction,5 cv,Essence,36 000
Dongfeng,SX3,32 000 km,2021,Manuelle,Traction,8 cv,Essence,65 000
Mercedes-Benz,Classe E,276 000 km,2003,Automatique,Traction,10 cv,Essence,32 000
Volkswagen,Jetta,349 000 km,2010,Manuelle,Traction,6 cv,Diesel,32 000
Skoda,Octavia,30 000 km,2022,Automatique,Traction,8 cv,Essence,114 900
Haval,H6 Luxury,120 000 km,2020,Automatique,Traction,9 cv,Essence,77 000
Peugeot,3008 Allure,169 000 km,2020,Automatique,Traction,7 cv,Essence,80 000
Volkswagen,Amarok,264 000 km,2012,Manuelle,Traction,7 cv,Diesel,48 000
BMW,X3,219 000 km,2014,Automatique,Traction,11 cv,Essence,75 000
Ford,Ranger XLT,248 000 km,2014,Manuelle,Traction,7 cv,Diesel,55 000
Audi,Q7,249 000 km,2006,Automatique,Traction,16 cv,Diesel,60 000
Haval,Jolion,25 000 km,2021,Automatique,Traction,9 cv,Essence,91 500
KIA,Sportage,101 000 km,2018,Automatique,Traction,8 cv,Essence,85 000
Renault,Kadjar Intens,85 000 km,2021,Automatique,Traction,7 cv,Essence,78 000
Land,Rover Range Rover Sport,82 000 km,2019,Automatique,Traction,17 cv,Essence,350 000
KIA,Sportage,176 000 km,2016,Automatique,Traction,8 cv,Essence,79 000
KIA,Sorento,210 000 km,2012,Automatique,Traction,12 cv,Diesel,60 000
Infiniti,FX,190 000 km,2008,Automatique,Traction,20 cv,Essence,52 000
Ford,Transit,256 000 km,2017,Manuelle,Traction,6 cv,Diesel,38 000
BMW,Série 3,201 000 km,2014,Automatique,Traction,7 cv,Essence,69 000
BMW,Série 3,167 000 km,2016,Automatique,Traction,7 cv,Essence,80 000
KIA,Sportage GT-Line,132 000 km,2018,Automatique,Traction,10 cv,Diesel,110 000
Nissan,Qashqai,121 000 km,2015,Automatique,Traction,6 cv,Essence,69 500
MG,ZS Luxury,67 000 km,2022,Automatique,Traction,7 cv,Essence,77 900
Hyundai,Veloster,140 000 km,2016,Automatique,Traction,8 cv,Essence,44 900
Mazda,6,125 000 km,2014,Automatique,Traction,9 cv,Essence,51 000
Mercedes-Benz,CLS AMG,178 000 km,2009,Automatique,Propulsion,15 cv,Essence,57 500
Haval,H6 Luxury,55 000 km,2019,Automatique,Traction,9 cv,Essence,85 000
BMW,Série 5 F10,153 000 km,2012,Automatique,Traction,10 cv,Essence,79 900
Ford,F 250 V8,90 000 km,2005,Automatique,Traction,24 cv,Diesel,75 500
Mercedes-Benz,Classe C C180,143 000 km,2018,Automatique,Traction,9 cv,Essence,119 000
Renault,Koleos,96 000 km,2017,Manuelle,Traction,7 cv,Diesel,98 000
Mazda,3 High Grade,148 000 km,2017,Manuelle,Traction,6 cv,Essence,57 000
Mahindra,Scorpio SUV,328 000 km,2013,Manuelle,Traction,8 cv,Diesel,31 000
Mazda,3,135 000 km,2017,Manuelle,Traction,6 cv,Essence,58 500
BMW,Série 5 Luxury Line,30 000 km,2019,Automatique,Traction,10 cv,Essence,225 000
MG,GS,160 000 km,2017,Automatique,Traction,9 cv,Essence,58 000
Fiat,500 Cult Club,3 000 km,2023,Automatique,Traction,5 cv,Essence,62 000
Mercedes-Benz,Classe A AMG,60 000 km,2021,Automatique,Traction,7 cv,Essence,115 000
Volkswagen,Tiguan R-Line,160 000 km,2019,Automatique,Traction,8 cv,Essence,110 000
Volkswagen,Scirocco,200 000 km,2010,Manuelle,Traction,7 cv,Essence,40 000
Audi,A5 Sportback,80 000 km,2019,Automatique,Traction,8 cv,Essence,115 000
Hyundai,Tucson,81 000 km,2018,Automatique,Traction,10 cv,Diesel,100 000
Land,Rover Discovery,110 000 km,2016,Automatique,Propulsion,15 cv,Essence,125 000
Mercedes-Benz,Classe A,90 000 km,2021,Automatique,Traction,7 cv,Essence,110 000
Hyundai,Tucson Hybride Top Grade,16 000 km,2023,Automatique,Traction,7 cv,Diesel,178 000
Peugeot,508,145 000 km,2018,Automatique,Traction,7 cv,Essence,51 000
Mercedes-Benz,Classe C coupé AMG,120 000 km,2019,Automatique,Propulsion,8 cv,Essence,145 000
Land,Rover Range Rover Sport,90 000 km,2017,Automatique,Propulsion,19 cv,Diesel,230 000
Porsche,Cayenne,158 000 km,2015,Automatique,Propulsion,31 cv,Essence,220 000
BMW,Série 3,210 000 km,2015,Automatique,Propulsion,7 cv,Essence,67 000
Mercedes-Benz,Classe A,50 000 km,2020,Automatique,Traction,7 cv,Essence,108 000
Mercedes-Benz,Classe C,180 000 km,2013,Automatique,Propulsion,9 cv,Essence,66 000
Renault,Kadjar,98 000 km,2021,Automatique,Traction,7 cv,Essence,83 000
Land,Rover Range Rover Sport,208 000 km,2007,Automatique,Propulsion,13 cv,Diesel,85 000
Audi,Q3,40 000 km,2023,Automatique,Traction,8 cv,Hybride,200 000
KIA,Sorento,120 000 km,2016,Automatique,Traction,12 cv,Diesel,95 000
KIA,Sportage,140 000 km,2018,Automatique,Traction,10 cv,Diesel,118 000
Peugeot,Landtrek Double Cabine,124 000 km,2021,Manuelle,Traction,6 cv,Diesel,64 500
KIA,Rio 5p,91 000 km,2019,Manuelle,Traction,5 cv,Essence,52 000
KIA,Rio 5p GT-Line,41 000 km,2021,Manuelle,Traction,5 cv,Essence,63 000
BMW,Série 1 Business Line,111 074 km,2019,Automatique,Traction,7 cv,Essence,81 000
Hyundai,Creta,90 500 km,2020,Automatique,Traction,6 cv,Essence,74 000
BMW,X4,50 000 km,2019,Automatique,Intégrale,11 cv,Essence,243 000
Ford,Ecosport,77 000 km,2021,Automatique,Traction,7 cv,Essence,66 000
Audi,A3 Sportback,154 000 km,2016,Manuelle,Traction,6 cv,Essence,64 500
Mini,Countryman,101 000 km,2012,Automatique,Traction,7 cv,Essence,45 000
Seat,Arona,43 000 km,2020,Automatique,Traction,6 cv,Essence,75 000
Nissan,Qashqai,228 000 km,2010,Manuelle,Traction,6 cv,Diesel,37 000
Haval,Jolion,35 000 km,2021,Automatique,Traction,9 cv,Essence,84 000
Fiat,500,99 000 km,2017,Automatique,Traction,4 cv,Essence,38 500
Mercedes-Benz,GLC,39 000 km,2018,Automatique,Traction,9 cv,Diesel,220 000
Porsche,Macan,22 000 km,2023,Automatique,Intégrale,17 cv,Essence,360 000
Land,Rover Range Rover Sport,178 000 km,2013,Automatique,Intégrale,17 cv,Diesel,145 000
Renault,Clio,122 000 km,2021,Manuelle,Traction,5 cv,Essence,41 500
Peugeot,3008,93 000 km,2020,Automatique,Traction,7 cv,Essence,69 000
Volkswagen,Passat,101 000 km,2019,Automatique,Traction,8 cv,Essence,87 000
Audi,A5 Sportback S-Line,102 000 km,2021,Automatique,Traction,8 cv,Essence,142 000
Land,Rover Discovery,176 000 km,2015,Automatique,Intégrale,15 cv,Essence,114 000
BMW,X1 xLine,21 000 km,2023,Automatique,Traction,9 cv,Essence,175 000
BMW,X5,214 000 km,2018,Automatique,Intégrale,13 cv,Diesel,170 000
BMW,X3,69 500 km,2020,Automatique,Traction,8 cv,Diesel,220 000
Mercedes-Benz,Classe C,176 000 km,2016,Automatique,Traction,8 cv,Essence,90 000
Audi,A3 Berline,56 000 km,2022,Automatique,Traction,8 cv,Essence,119 000
Jaguar,XJL,51 500 km,2014,Automatique,Propulsion,16 cv,Essence,150 000
Mercedes-Benz,GLC Coupé,70 000 km,2020,Automatique,Traction,12 cv,Hybride,245 000
Audi,A7 Sportback Quattro V6,86 000 km,2022,Automatique,Intégrale,23 cv,Essence,295 000
Land,Rover Range Rover,52 000 km,2017,Automatique,Intégrale,43 cv,Essence,460 000
Mercedes-Benz,Classe A,37 000 km,2021,Automatique,Traction,8 cv,Hybride,137 000
BMW,Série 4 Coupé,20 500 km,2023,Automatique,Traction,10 cv,Essence,265 000
Hyundai,Tucson,11 500 km,2023,Automatique,Intégrale,10 cv,Essence,142 000
Chery,Tiggo 8,49 500 km,2022,Automatique,Traction,9 cv,Essence,92 500
Mercedes-Benz,GLA,91 000 km,2021,Automatique,Traction,9 cv,Essence,182 000
BMW,X2,38 000 km,2018,Automatique,Propulsion,7 cv,Essence,132 000
BMW,Série 4 Gran Coupé,108 000 km,2017,Automatique,Traction,7 cv,Essence,105 000
MG,HS,78 000 km,2021,Automatique,Traction,10 cv,Essence,77 500
Ford,Ecosport,46 500 km,2021,Manuelle,Traction,8 cv,Essence,64 000
Ford,Kuga,93 000 km,2019,Manuelle,Traction,8 cv,Essence,71 500
Volkswagen,Golf 7,98 500 km,2017,Manuelle,Traction,5 cv,Essence,62 500
KIA,Sportage,77 000 km,2021,Automatique,Traction,8 cv,Essence,103 000
KIA,Sportage,123 000 km,2019,Automatique,Traction,8 cv,Essence,76 000
Haval,H6 Luxury,99 000 km,2019,Automatique,Traction,9 cv,Essence,72 000
Mercedes-Benz,Classe C,35 000 km,2022,Automatique,Traction,9 cv,Essence,215 000
Mazda,3,130 000 km,2017,Manuelle,Traction,6 cv,Essence,46 000
Ford,Ecosport,94 000 km,2020,Manuelle,Traction,7 cv,Essence,66 000
Mercedes-Benz,GLB AMG,50 000 km,2022,Automatique,Traction,9 cv,Essence,175 000
Volkswagen,Polo R-Line,70 000 km,2020,Manuelle,Traction,4 cv,Essence,65 500
Volkswagen,Golf 7 BVA,200 000 km,2020,Automatique,Traction,5 cv,Essence,69 000
BMW,Série 1 Pack Sport M,165 000 km,2016,Automatique,Traction,7 cv,Essence,75 000
Hyundai,Tucson Top Grade,40 000 km,2022,Automatique,Intégrale,10 cv,Essence,147 000
Lada,4x4 Urban,58 000 km,2020,Manuelle,Traction,7 cv,Essence,41 000
Mercedes-Benz,Classe X,68 000 km,2020,Automatique,Traction,8 cv,Diesel,205 000
Seat,Arona Xperience,47 000 km,2022,Automatique,Traction,6 cv,Essence,81 000
Toyota,Corolla Dynamic,85 000 km,2020,Automatique,Traction,6 cv,Essence,69 000
Fiat,500X Pop Star,60 000 km,2018,Automatique,Traction,7 cv,Essence,65 000
Land,Rover Discovery,170 000 km,2015,Automatique,Traction,15 cv,Essence,115 000
Haval,Jolion,40 000 km,2021,Automatique,Traction,9 cv,Essence,88 000
Toyota,C-HR,130 000 km,2018,Automatique,Traction,6 cv,Essence,73 000
Nissan,Juke Tekna,6 000 km,2024,Automatique,Traction,6 cv,Essence,92 500
Mercedes-Benz,Classe C AMG,20 000 km,2023,Automatique,Traction,9 cv,Essence,Sous leasing                    255 100
Mercedes-Benz,CLA Kit Amg 200,150 000 km,2020,Manuelle,Traction,9 cv,Essence,129 000
Seat,Ibiza Xcellence,68 000 km,2021,Manuelle,Traction,6 cv,Essence,62 000
KIA,Rio 5p SX,70 000 km,2020,Manuelle,Traction,5 cv,Essence,57 500
MG,ZS Luxury,20 000 km,2022,Automatique,Traction,7 cv,Essence,72 000
Chery,Tiggo 7 Pro,0 km,2024,Automatique,Traction,9 cv,Essence,101 000
Audi,Q3 BVA,3 000 km,2023,Automatique,Traction,9 cv,Essence,165 000
Peugeot,408 GT,10 000 km,2024,Automatique,Traction,11 cv,Essence,155 000
Jaguar,XF Luxury,120 000 km,2014,Automatique,Traction,15 cv,Essence,87 000
BMW,Série 6 Face Lift,190 000 km,2009,Automatique,Traction,17 cv,Essence,85 000
Land,Rover Range Rover Sport HSE Dynamic,300 000 km,2016,Automatique,Traction,19 cv,Diesel,189 000
KIA,Rio 5p GT-Line,70 000 km,2021,Manuelle,Traction,5 cv,Essence,62 000
KIA,Sportage GT-Line,15 000 km,2024,Automatique,Traction,7 cv,Hybride,199 000
Mercedes-Benz,GLA 250e Pack AMG,26 000 km,2023,Automatique,Traction,8 cv,Hybride,225 000
Mahindra,Pick-up SC,120 000 km,2021,Manuelle,Traction,7 cv,Diesel,39 000
Peugeot,3008,112 000 km,2020,Automatique,Traction,7 cv,Essence,69 000
KIA,Rio 5p GT-Line,9 000 km,2023,Manuelle,Traction,5 cv,Essence,73 000
Mercedes-Benz,Classe C Pack AMG Pack night,120 000 km,2019,Automatique,Traction,10 cv,Hybride,152 000
Peugeot,3008 GT GT-line,125 000 km,2020,Automatique,Traction,6 cv,Essence,89 000
MG,HS Luxury,87 000 km,2020,Automatique,Traction,9 cv,Essence,77 900
Mercedes-Benz,GLA AMG,90 000 km,2021,Automatique,Traction,9 cv,Essence,173 000
BMW,Série 4 Coupé 420i,180 000 km,2015,Automatique,Traction,10 cv,Essence,87 000
Chery,Tiggo 7 Pro,40 000 km,2022,Automatique,Traction,9 cv,Essence,88 000
Suzuki,Jimny,20 000 km,2023,Automatique,Traction,6 cv,Essence,98 000
Mercedes-Benz,CLA Kit AMG,124 000 km,2014,Automatique,Traction,9 cv,Essence,83 000
Citroën,C3 Shine,88 000 km,2018,Manuelle,Traction,4 cv,Essence,37 500
Mercedes-Benz,Classe C coupé AMG,200 000 km,2012,Automatique,Traction,9 cv,Essence,63 000
Renault,Clio 4,120 000 km,2021,Manuelle,Traction,5 cv,Essence,45 000
Mini,3 portes One,200 000 km,2009,Manuelle,Traction,5 cv,Essence,29 000
Hyundai,Tucson High Grade,19 000 km,2023,Automatique,Traction,9 cv,Essence,129 000
Nissan,Juke Tekna,53 000 km,2021,Automatique,Traction,6 cv,Essence,87 000
Jeep,Renegade Limited,88 000 km,2021,Automatique,Traction,8 cv,Essence,92 000
Mercedes-Benz,Classe C AMG,120 000 km,2019,Automatique,Traction,10 cv,Hybride,152 000
Ford,Mondeo Hybride,34 000 km,2020,Automatique,Traction,7 cv,Hybride,109 000
Land,Rover Range Rover Evoque,145 000 km,2018,Automatique,Traction,8 cv,Diesel,120 000
Volkswagen,Passat,160 000 km,2016,Manuelle,Traction,6 cv,Essence,59 000
Haval,H6,16 000 km,2022,Automatique,Traction,8 cv,Essence,117 000
Haval,H6 Luxury,55 000 km,2021,Automatique,Traction,9 cv,Essence,85 000
Volkswagen,Golf 8 1.4,40 000 km,2022,Automatique,Traction,6 cv,Essence,105 000
Jaguar,F-Pace R_Dynamic,165 000 km,2017,Automatique,Traction,10 cv,Diesel,179 000
Renault,Kadjar,140 000 km,2018,Automatique,Traction,7 cv,Essence,70 000
Toyota,Corolla,24 000 km,2022,Automatique,Traction,6 cv,Essence,79 000
Peugeot,308,128 000 km,2020,Manuelle,Traction,6 cv,Essence,47 000
Mercedes-Benz,Classe C coupé AMG,130 000 km,2018,Automatique,Traction,8 cv,Essence,167 000
Citroën,C3 Shine,45 000 km,2020,Manuelle,Traction,4 cv,Essence,47 500
Ford,Focus Titanium,200 000 km,2015,Manuelle,Traction,6 cv,Essence,40 000
Porsche,Panamera,82 000 km,2011,Automatique,Traction,20 cv,Essence,178 000
KIA,Seltos,130 000 km,2021,Automatique,Traction,8 cv,Essence,89 000
Seat,Ibiza FR,40 000 km,2023,Automatique,Propulsion,6 cv,Essence,81 000
Alfa,Romeo Giulietta,37 000 km,2019,Automatique,Traction,7 cv,Essence,77 000
Land,Rover Discovery R-DYNAMIC,87 000 km,2020,Automatique,Traction,8 cv,Diesel,235 000
Volkswagen,Golf 7 Confortline,190 000 km,2013,Automatique,Traction,6 cv,Essence,49 000
Renault,Megane 4 Diesel,125 000 km,2020,Manuelle,Traction,5 cv,Diesel,64 500
KIA,Rio 5p GT-Line,60 000 km,2021,Manuelle,Traction,5 cv,Essence,65 000
Fiat,Fiorino,120 000 km,2021,Manuelle,Traction,5 cv,Diesel,35 000
Dacia,Duster Techroad,35 000 km,2020,Manuelle,Traction,6 cv,Essence,75 000
BMW,Série 5 530e Xdrive Pack m,50 000 km,2021,Automatique,Traction,10 cv,Hybride,278 000
BMW,Série 4 Gran Coupé 418 Luxury,133 000 km,2016,Automatique,Traction,7 cv,Essence,97 000
Volkswagen,Passat R-Line DSG,40 000 km,2022,Automatique,Traction,7 cv,Essence,125 000
Toyota,Hilux Double Cabine Gr Sport,7 000 km,2024,Manuelle,Traction,9 cv,Diesel,290 000
Toyota,C-HR,55 000 km,2022,Automatique,Traction,6 cv,Essence,91 000
Audi,A5 Sportback S-Line,120 000 km,2019,Automatique,Traction,8 cv,Essence,109 000
Peugeot,2008,100 000 km,2021,Manuelle,Traction,6 cv,Diesel,80 000
KIA,Rio 5p,85 000 km,2022,Manuelle,Traction,5 cv,Essence,Sous leasing                    59 700
Honda,CR-V,67 000 km,2018,Automatique,Traction,11 cv,Essence,91 000
Audi,Q5 S-line,40 000 km,2021,Automatique,Traction,11 cv,Diesel,295 000
KIA,Sportage Hybride,114 000 km,2021,Automatique,Traction,7 cv,Hybride,107 000
KIA,Sportage GT-Line,19 000 km,2021,Manuelle,Traction,7 cv,Diesel,128 000
Dacia,Duster Techroad,34 000 km,2020,Manuelle,Traction,6 cv,Essence,76 000
Mercedes-Benz,Classe S AMG,3 000 km,2022,Automatique,Traction,16 cv,Hybride,660 000
BMW,X5 Hybride Xdrive E45,19 000 km,2021,Automatique,Traction,15 cv,Hybride,455 000
Hyundai,Tucson Hybride Xcellence,120 000 km,2022,Automatique,Traction,10 cv,Hybride,138 000
BMW,Série 1 I Pack Sport,200 000 km,2019,Automatique,Traction,7 cv,Essence,75 000
KIA,Sportage GT-Line,140 000 km,2017,Automatique,Traction,10 cv,Diesel,105 000
Mercedes-Benz,Classe C AMG,50 000 km,2023,Automatique,Traction,9 cv,Essence,235 000
Jaguar,XE,140 000 km,2017,Automatique,Traction,9 cv,Diesel,120 000
Peugeot,Rifter,95 000 km,2020,Manuelle,Traction,7 cv,Diesel,72 000
BMW,Série 7 740LI,98 000 km,2010,Automatique,Traction,23 cv,Essence,110 000
Peugeot,Rifter 5 places,95 000 km,2020,Manuelle,Traction,7 cv,Diesel,72 000
Land,Rover Range Rover Evoque Hybride,50 000 km,2019,Automatique,Traction,9 cv,Diesel,187 000
Ford,Mondeo Hybride,32 000 km,2020,Automatique,Traction,7 cv,Hybride,115 000
KIA,Rio 5p GT-Line,64 000 km,2021,Manuelle,Traction,5 cv,Essence,64 000
Mercedes-Benz,GLC AMG,115 000 km,2017,Automatique,Traction,12 cv,Essence,169 000
Mini,5 portes One,78 000 km,2016,Manuelle,Traction,6 cv,Essence,57 000
Citroën,C3 Shine,28 000 km,2020,Manuelle,Traction,4 cv,Essence,48 000
Audi,A3 Berline,50 000 km,2019,Automatique,Traction,6 cv,Essence,85 000
KIA,Sportage,127 000 km,2019,Automatique,Traction,8 cv,Essence,83 500
Mercedes-Benz,GLA AMG,12 000 km,2023,Automatique,Traction,11 cv,Essence,Non dédouané                    235 000
Audi,Q3,95 000 km,2017,Automatique,Traction,7 cv,Essence,95 000
Mercedes-Benz,GLB 200 d,111 000 km,2021,Automatique,Traction,9 cv,Diesel,210 000
Audi,A4 Face_lift,143 000 km,2016,Automatique,Traction,7 cv,Essence,58 000
Land,Rover Range Rover Evoque Face_lift,170 000 km,2016,Automatique,Traction,15 cv,Essence,95 000
BMW,Série 1 Pack M,40 000 km,2020,Automatique,Traction,7 cv,Essence,135 000
Land,Rover Range Rover Evoque Hybride,40 000 km,2019,Automatique,Traction,9 cv,Diesel,195 000
Haval,H6 Luxury,120 000 km,2020,Automatique,Traction,9 cv,Essence,79 000
Iveco,Daily Simple Cabine,40 000 km,2022,Manuelle,Propulsion,10 cv,Diesel,105 000
Land,Rover Discovery Sport,128 000 km,2017,Automatique,Traction,8 cv,Diesel,128 000
Haval,H6 Luxury,40 000 km,2021,Automatique,Traction,9 cv,Essence,90 000
KIA,Sportage Hybride,140 000 km,2020,Automatique,Traction,7 cv,Hybride,98 000
KIA,Sportage,125 000 km,2019,Automatique,Traction,8 cv,Essence,85 000
Hyundai,Tucson Hybride,80 000 km,2021,Automatique,Traction,7 cv,Hybride,137 000
Audi,Q5 QUATTRO 40 TDI,170 000 km,2019,Automatique,Traction,12 cv,Diesel,165 000
Fiat,Panda City Cross,52 000 km,2020,Manuelle,Traction,4 cv,Essence,43 500
Volkswagen,Golf 6 Match,240 000 km,2012,Manuelle,Traction,6 cv,Diesel,45 000
Ford,Ranger Raptor,100 000 km,2022,Automatique,Traction,7 cv,Diesel,228 000
BMW,Série 4 Coupé Pack M,140 000 km,2021,Automatique,Traction,7 cv,Essence,130 000
Mercedes-Benz,Classe B,100 000 km,2014,Manuelle,Traction,7 cv,Essence,48 000
MG,ZS Luxury,80 000 km,2022,Automatique,Traction,7 cv,Essence,75 000
Land,Rover Range Rover Evoque Hybride,60 000 km,2019,Automatique,Traction,8 cv,Diesel,210 000
Renault,Kadjar,70 000 km,2019,Manuelle,Traction,7 cv,Essence,68 000
Mazda,3 Sky active,103 000 km,2017,Manuelle,Traction,6 cv,Essence,56 000
Audi,Q8 S_Line,16 000 km,2021,Automatique,Traction,23 cv,Essence,398 000
Mercedes-Benz,Classe C coupé AMG,50 000 km,2019,Automatique,Traction,9 cv,Essence,173 000
MG,ZS,35 000 km,2022,Manuelle,Traction,7 cv,Essence,Sous leasing                    78 000
Suzuki,Baleno,160 000 km,2017,Automatique,Traction,5 cv,Essence,40 000
KIA,Sportage,69 000 km,2019,Automatique,Traction,8 cv,Essence,95 000
Ford,Kuga,100 000 km,2017,Manuelle,Traction,8 cv,Essence,69 000
Mercedes-Benz,CLS AMG,160 000 km,2011,Automatique,Traction,11 cv,Diesel,119 000
Mercedes-Benz,GLA 180 Pack AMG,40 000 km,2022,Automatique,Traction,7 cv,Essence,185 000
Seat,Arona,26 000 km,2021,Manuelle,Traction,6 cv,Essence,73 500
Toyota,Corolla,90 000 km,2021,Automatique,Traction,6 cv,Essence,71 000
Haval,H6 Luxury,115 000 km,2020,Automatique,Traction,9 cv,Essence,79 000
Skoda,Superb Ambassador,30 000 km,2021,Automatique,Traction,8 cv,Essence,125 000
MG,6,22 000 km,2021,Automatique,Traction,8 cv,Essence,79 000
Mercedes-Benz,GLC Coupé AMG,190 000 km,2017,Automatique,Traction,9 cv,Diesel,189 000
Mercedes-Benz,Classe C 180 elegance,170 000 km,2016,Automatique,Traction,8 cv,Essence,89 000
Mercedes-Benz,GLC Coupé AMG,69 000 km,2020,Automatique,Traction,12 cv,Hybride,278 000
Mercedes-Benz,Classe E 180,90 000 km,2018,Automatique,Traction,9 cv,Essence,135 000
Ssangyong,Actyon Sports,200 000 km,2017,Manuelle,Traction,7 cv,Diesel,42 000
DS,3,138 000 km,2012,Automatique,Traction,6 cv,Essence,35 000
Audi,A3 Berline,17 000 km,2020,Manuelle,Traction,6 cv,Essence,97 000
Nissan,Qashqai,147 000 km,2011,Automatique,Traction,9 cv,Essence,43 000
BMW,Série 5 Luxury Line,200 000 km,2015,Automatique,Traction,10 cv,Essence,85 000
Volkswagen,Passat R-Line,100 000 km,2019,Automatique,Traction,8 cv,Essence,101 000
Land,Rover Discovery Sport,160 000 km,2017,Automatique,Traction,8 cv,Diesel,125 000
Citroën,C3 Shine,90 000 km,2019,Manuelle,Traction,4 cv,Essence,44 500
Volkswagen,Amarok,370 000 km,2012,Manuelle,Traction,7 cv,Diesel,49 000
Mercedes-Benz,Classe E Business,8 000 km,2022,Automatique,Traction,9 cv,Essence,Sous leasing                    291 800
Mini,3 portes one,140 000 km,2013,Manuelle,Traction,4 cv,Essence,37 000
BMW,Série 1,126 000 km,2017,Manuelle,Traction,7 cv,Essence,68 000
Toyota,Hilux Double Cabine 4*4,3 000 km,2024,Manuelle,Traction,8 cv,Essence,231 000
Peugeot,2008 Allure,34 000 km,2022,Automatique,Traction,7 cv,Essence,97 000
Mercedes-Benz,Classe A AMG,20 000 km,2022,Automatique,Traction,8 cv,Essence,158 000
Volkswagen,Passat R-Line,60 000 km,2020,Automatique,Traction,8 cv,Essence,106 000
Volkswagen,Tiguan,60 000 km,2018,Automatique,Traction,7 cv,Essence,90 000
Mercedes-Benz,Classe C AMG,160 000 km,2014,Automatique,Traction,9 cv,Essence,99 000
Chery,Tiggo 8 Pro,80 000 km,2022,Automatique,Traction,11 cv,Essence,96 000
BYD,F3,10 000 km,2022,Manuelle,Traction,7 cv,Essence,47 000
Mercedes-Benz,Classe C AMG,16 000 km,2023,Automatique,Traction,8 cv,Essence,Sous leasing                    255 600
Citroën,C3 Shine,58 000 km,2019,Manuelle,Traction,5 cv,Essence,44 500
BMW,Série 4 Coupé 420i Pack M,160 000 km,2015,Automatique,Traction,10 cv,Essence,107 000
Audi,Q3 S-line,100 000 km,2017,Automatique,Traction,7 cv,Essence,90 000
Volkswagen,Golf 8 United,26 000 km,2020,Manuelle,Traction,6 cv,Essence,109 000
Peugeot,208,60 000 km,2020,Manuelle,Traction,4 cv,Essence,35 000
Audi,A5 Cabriolet S-line,120 000 km,2010,Automatique,Traction,10 cv,Essence,59 000
Honda,Accord,11 000 km,2022,Automatique,Traction,10 cv,Essence,135 000
Volkswagen,Golf 7,40 000 km,2019,Manuelle,Traction,5 cv,Essence,74 000
KIA,Sportage,40 000 km,2020,Automatique,Traction,8 cv,Essence,119 000
BMW,Série 2 Gran Coupé 218i,21 000 km,2022,Automatique,Traction,8 cv,Essence,135 000
Fiat,Tipo 5 portes,75 000 km,2018,Manuelle,Traction,5 cv,Essence,46 000
Haval,H6,13 000 km,2022,Automatique,Traction,8 cv,Essence,Sous leasing                    150 600
Volkswagen,Golf 7 Smartline,140 000 km,2015,Automatique,Traction,5 cv,Essence,52 000
Haval,H6 Luxury,90 000 km,2019,Automatique,Traction,9 cv,Essence,78 000
Chevrolet,Cruze,90 000 km,2018,Manuelle,Traction,7 cv,Essence,40 000
Volkswagen,Golf 7,29 000 km,2019,Manuelle,Traction,6 cv,Essence,76 000
Mercedes-Benz,Classe E 200,330 000 km,2010,Automatique,Traction,10 cv,Essence,51 000
Mercedes-Benz,Classe E e220,330 000 km,2011,Automatique,Traction,9 cv,Diesel,77 000
Volkswagen,Golf 8 R-Line,40 000 km,2021,Automatique,Traction,8 cv,Essence,145 000
Mercedes-Benz,Classe C AMG,16 000 km,2023,Automatique,Traction,9 cv,Essence,240 000
Dodge,RAM Rumble bee,65 000 km,2019,Automatique,Traction,18 cv,Essence,Non dédouané                    212 000
Mercedes-Benz,CLA,163 000 km,2014,Automatique,Traction,7 cv,Essence,81 000
Haval,H2 Luxury,40 000 km,2019,Automatique,Traction,9 cv,Essence,69 000
Haval,H6 Luxury,32 000 km,2019,Automatique,Traction,9 cv,Essence,86 000
Mercedes-Benz,CLA AMG,30 000 km,2021,Automatique,Traction,7 cv,Essence,169 000
Mercedes-Benz,Classe A 180d,50 000 km,2019,Automatique,Traction,6 cv,Diesel,98 000
Volkswagen,Golf 7,64 000 km,2019,Automatique,Traction,6 cv,Essence,74 000
Audi,A3 Sportback S-Line,70 000 km,2019,Automatique,Traction,7 cv,Essence,95 000
Mercedes-Benz,Classe C AMG,40 000 km,2022,Automatique,Traction,9 cv,Essence,205 000
DS,7 Crossback Grand Chic,140 000 km,2021,Automatique,Traction,10 cv,Essence,105 000
Mercedes-Benz,Classe C AMG,50 000 km,2022,Automatique,Traction,9 cv,Hybride,Sous leasing                    264 200
Volkswagen,Golf 7 Join,70 000 km,2018,Automatique,Traction,6 cv,Essence,84 000
Mercedes-Benz,CLA 220,240 000 km,2013,Automatique,Traction,9 cv,Diesel,79 000
BMW,X6 Pack M,270 000 km,2008,Automatique,Traction,15 cv,Diesel,110 000
Audi,A5 Cabriolet S-line,120 000 km,2010,Automatique,Traction,10 cv,Essence,59 000
Seat,Leon Style,65 000 km,2020,Manuelle,Traction,6 cv,Essence,73 000
Citroën,Berlingo Utilitaire,170 000 km,2018,Manuelle,Traction,5 cv,Diesel,37 500
KIA,Sportage,23 000 km,2022,Automatique,Traction,10 cv,Essence,143 000
Volkswagen,Golf 7,180 000 km,2019,Automatique,Traction,5 cv,Essence,64 000
Mercedes-Benz,Classe S 350,170 000 km,2008,Automatique,Traction,19 cv,Essence,78 000
Volkswagen,Tiguan Confortline,33 000 km,2020,Automatique,Traction,8 cv,Essence,128 000
Volkswagen,Golf 7 R-Line,130 000 km,2018,Manuelle,Traction,6 cv,Essence,80 000
Hyundai,Kona,30 000 km,2021,Manuelle,Traction,6 cv,Hybride,79 000
Seat,Leon FR,70 000 km,2022,Automatique,Traction,8 cv,Essence,Sous leasing                    122 800
Hyundai,Grand i10,30 000 km,2022,Manuelle,Traction,5 cv,Essence,53 000
Peugeot,2008 GT_LINE,30 000 km,2021,Manuelle,Traction,7 cv,Essence,92 000
Mercedes-Benz,Classe C coupé AMG,40 000 km,2019,Automatique,Traction,9 cv,Essence,179 000
KIA,Sportage GT-Line,120 000 km,2021,Automatique,Traction,6 cv,Hybride,119 000
BMW,Série 3 318i,117 000 km,2017,Automatique,Traction,7 cv,Essence,88 000
Chery,Tiggo 2 Confort,60 000 km,2020,Manuelle,Traction,6 cv,Essence,43 500
Haval,Jolion,40 000 km,2022,Automatique,Traction,9 cv,Essence,87 000
Mercedes-Benz,Classe C AMG,40 000 km,2022,Automatique,Traction,9 cv,Hybride,208 000
Hyundai,Grand i10,54 000 km,2021,Automatique,Traction,5 cv,Essence,53 000
Seat,Ibiza FR,100 000 km,2020,Automatique,Traction,6 cv,Essence,68 000
Mercedes-Benz,CLA AMG,20 000 km,2020,Automatique,Traction,7 cv,Essence,169 000
Seat,Ibiza FR,50 000 km,2020,Manuelle,Traction,6 cv,Essence,67 000
Volkswagen,T-roc,87 000 km,2020,Manuelle,Traction,6 cv,Essence,85 000
Mercedes-Benz,GLA AMG,74 000 km,2016,Automatique,Traction,8 cv,Essence,113 000
Mercedes-Benz,Classe C AMG,170 000 km,2014,Automatique,Traction,9 cv,Essence,115 000
Audi,Q3 Sportback,10 000 km,2021,Automatique,Traction,8 cv,Essence,188 000
Audi,Q5,100 000 km,2018,Automatique,Traction,11 cv,Diesel,215 000
Volkswagen,Golf 8 R-Line,70 000 km,2021,Automatique,Traction,8 cv,Essence,125 000
Jaguar,F-Pace R-DYNAMIC,165 000 km,2017,Automatique,Traction,10 cv,Diesel,185 000
Peugeot,3008 GT-line,260 000 km,2017,Automatique,Traction,9 cv,Essence,77 000
Land,Rover Range Rover Velar R-Dynamic,100 000 km,2019,Automatique,Traction,19 cv,Diesel,Non dédouané                    350 000
Porsche,Panamera PLATINUM édition,100 000 km,2014,Automatique,Traction,20 cv,Essence,255 000
Land,Rover Range Rover Velar R-Dynamic,90 000 km,2020,Automatique,Traction,11 cv,Essence,295 000
Dongfeng,Forthing T5 EVO,4 000 km,2023,Automatique,Traction,9 cv,Essence,Sous leasing                    182 900
Chery,Tiggo 3,75 000 km,2018,Manuelle,Traction,8 cv,Essence,47 000
Audi,Q3,77 000 km,2017,Automatique,Traction,7 cv,Essence,85 000
Renault,Kadjar Intens,150 000 km,2018,Automatique,Traction,7 cv,Essence,66 000
Volkswagen,Golf 8 R-Line,40 000 km,2021,Automatique,Traction,8 cv,Essence,155 000
Mercedes-Benz,Classe C AMG,35 000 km,2020,Automatique,Propulsion,6 cv,Hybride,205 000
Volkswagen,Golf 7 Join,120 000 km,2019,Automatique,Traction,6 cv,Essence,80 000
BMW,Série 4 Gran Coupé Luxury,100 000 km,2018,Automatique,Traction,7 cv,Essence,99 000
Hyundai,Tucson,24 000 km,2023,Automatique,Traction,10 cv,Essence,161 000
Hyundai,Tucson,120 000 km,2020,Automatique,Traction,8 cv,Essence,87 000
BMW,Série 1 Pack sport,70 000 km,2020,Automatique,Traction,7 cv,Essence,92 000
Fiat,Panda City Cross,20 000 km,2022,Manuelle,Traction,4 cv,Essence,45 000
BMW,Série 4 Gran Coupé 418 PACK M,110 000 km,2017,Automatique,Traction,7 cv,Essence,125 000
Mercedes-Benz,Classe E AMG,135 000 km,2011,Automatique,Traction,10 cv,Essence,77 000
Mercedes-Benz,Classe C AMG,80 000 km,2022,Automatique,Traction,9 cv,Essence,215 000
Dongfeng,SX3,30 000 km,2021,Manuelle,Traction,7 cv,Essence,65 000
Volkswagen,Golf 8 United,16 000 km,2021,Manuelle,Traction,6 cv,Essence,128 000
Mercedes-Benz,Classe A AMG,15 000 km,2022,Automatique,Traction,8 cv,Essence,172 000
Mercedes-Benz,Classe C AMG,80 000 km,2019,Automatique,Traction,9 cv,Diesel,148 000
MG,GS AWD,115 000 km,2017,Automatique,Traction,9 cv,Essence,62 000
Mitsubishi,ASX 4WD,55 000 km,2021,Automatique,Traction,9 cv,Essence,Sous leasing                    122 800
Land,Rover Discovery,130 000 km,2017,Automatique,Traction,8 cv,Diesel,126 000
Audi,A5 Sportback,70 000 km,2021,Automatique,Traction,8 cv,Essence,185 000
BMW,Série 7 Individuel,300 000 km,2008,Automatique,Traction,22 cv,Essence,45 000
Land,Rover Range Rover Sport,160 000 km,2014,Automatique,Traction,15 cv,Diesel,245 000
BMW,Série 4 Coupé,78 000 km,2017,Automatique,Traction,7 cv,Essence,110 000
MG,GS AWD 2.0,100 000 km,2017,Automatique,Traction,13 cv,Essence,61 000
Peugeot,RCZ,171 000 km,2011,Manuelle,Traction,7 cv,Essence,40 000
Land,Rover Discovery Sport,94 000 km,2016,Automatique,Traction,8 cv,Diesel,118 000
Volkswagen,Amarok AWD,180 000 km,2016,Manuelle,Intégrale,7 cv,Diesel,87 000
BMW,Série 7 740I FACE-LIFT,220 000 km,2008,Automatique,Traction,22 cv,Essence,55 000
BMW,X4,140 000 km,2018,Automatique,Traction,10 cv,Diesel,139 000
Mercedes-Benz,CLA Urban,125 043 km,2018,Automatique,Traction,7 cv,Essence,97 000
Dacia,Logan Écran tactile,20 000 km,2021,Manuelle,Traction,5 cv,Essence,54 000
BMW,Série 4 Coupé,10 000 km,2021,Automatique,Traction,10 cv,Essence,225 000
Hyundai,Grand i10,80 000 km,2021,Manuelle,Traction,5 cv,Essence,41 900
MG,ZS,49 000 km,2019,Manuelle,Propulsion,7 cv,Essence,57 000
BMW,X1,69 000 km,2017,Automatique,Traction,7 cv,Essence,79 000
Suzuki,Swift GL,41 000 km,2017,Manuelle,Intégrale,5 cv,Essence,36 500
Nissan,Micra,160 000 km,2015,Manuelle,Traction,5 cv,Essence,33 900
Citroën,C4 Cactus Feel,148 000 km,2020,Manuelle,Intégrale,6 cv,Diesel,58 000
Fiat,Fiorino,65 000 km,2022,Manuelle,Traction,5 cv,Diesel,36 900
Volkswagen,Polo Sedan,150 000 km,2021,Manuelle,Traction,5 cv,Essence,46 500
BMW,X6 TT Options,190 000 km,2010,Automatique,Traction,15 cv,Diesel,95 000
BMW,Série 7,150 000 km,2009,Automatique,Traction,31 cv,Essence,92 000
Renault,Clio,80 000 km,2021,Manuelle,Propulsion,5 cv,Essence,43 500
Citroën,C4 Seduction,222 000 km,2014,Manuelle,Intégrale,6 cv,Diesel,39 000
Seat,Ibiza,45 000 km,2021,Manuelle,Propulsion,4 cv,Essence,49 900
Mini,5 portes,160 000 km,2016,Manuelle,Traction,5 cv,Essence,51 000
Mercedes-Benz,CLA AMG,160 000 km,2013,Automatique,Intégrale,8 cv,Essence,78 000
Hyundai,Grand i10,19 000 km,2022,Manuelle,Traction,4 cv,Essence,44 500
KIA,Picanto,90 000 km,2022,Manuelle,Traction,5 cv,Essence,42 900
Haval,H6 Luxury,80 000 km,2020,Automatique,Traction,9 cv,Essence,78 500
Renault,Megane,155 000 km,2020,Manuelle,Propulsion,7 cv,Essence,50 000
Mercedes-Benz,CLS AMG,250 000 km,2011,Automatique,Traction,10 cv,Diesel,85 000
Hyundai,Trucks H350 TT Options,26 000 km,2022,Manuelle,Propulsion,10 cv,Diesel,74 000
Volkswagen,Golf 7,120 000 km,2019,Automatique,Propulsion,5 cv,Essence,57 000
Jeep,Compass,65 000 km,2016,Automatique,Traction,10 cv,Essence,65 000
Jaguar,XF,41 000 km,2018,Automatique,Traction,16 cv,Essence,135 000
Mercedes-Benz,Classe E AMG,167 000 km,2018,Automatique,Traction,9 cv,Essence,145 000
Volkswagen,Golf 6,180 000 km,2012,Manuelle,Traction,5 cv,Essence,46 800
Peugeot,2008 Allure Toit Cielo,61 000 km,2018,Automatique,Intégrale,6 cv,Essence,49 000
Seat,Leon Style,96 000 km,2014,Automatique,Intégrale,6 cv,Essence,52 000
Mercedes-Benz,Classe E Avantgarde,154 000 km,2018,Automatique,Traction,9 cv,Essence,118 000
Mercedes-Benz,Classe E Avantgarde,107 000 km,2018,Automatique,Traction,9 cv,Essence,128 000
Mazda,3,165 000 km,2019,Manuelle,Propulsion,6 cv,Essence,56 000
Volkswagen,Amarok Double Cabine,200 000 km,2016,Manuelle,Intégrale,10 cv,Diesel,79 000
Mercedes-Benz,Classe C,120 000 km,2019,Automatique,Propulsion,8 cv,Essence,110 000
Citroën,C3,130 000 km,2014,Manuelle,Traction,5 cv,Essence,28 000
Dacia,Dokker Van,150 000 km,2021,Manuelle,Traction,6 cv,Diesel,33 800
Mercedes-Benz,GLC AMG,142 000 km,2017,Automatique,Traction,12 cv,Essence,153 000
Ford,Focus,136 000 km,2018,Automatique,Propulsion,7 cv,Essence,48 000
Land,Rover Range Rover Sport,200 000 km,2016,Automatique,Intégrale,16 cv,Diesel,189 000
BMW,Série 1,210 000 km,2019,Automatique,Traction,7 cv,Essence,73 000
Ford,Mustang,16 000 km,2010,Automatique,Intégrale,28 cv,Essence,115 000
Mercedes-Benz,GLE Coupé AMG,74 000 km,2021,Automatique,Propulsion,8 cv,Hybride,375 000
Citroën,DS,99 000 km,2020,Automatique,Propulsion,10 cv,Essence,103 000
BMW,Série 5,173 000 km,2021,Automatique,Traction,10 cv,Essence,138 000
BMW,Série 5,260 000 km,2012,Automatique,Traction,10 cv,Essence,76 000
BMW,X6,289 000 km,2008,Automatique,Traction,22 cv,Essence,79 000
Audi,Q3,112 000 km,2018,Automatique,Propulsion,8 cv,Essence,97 000
Suzuki,Swift,220 000 km,2020,Manuelle,Traction,5 cv,Essence,33 500
Land,Rover Range Rover Sport Autobiography,200 000 km,2011,Automatique,Intégrale,16 cv,Diesel,119 000
Fiat,500,19 000 km,2019,Automatique,Propulsion,4 cv,Essence,55 000
BMW,Série 3,210 000 km,2013,Automatique,Propulsion,7 cv,Essence,63 500
Toyota,C-HR,133 000 km,2018,Automatique,Propulsion,6 cv,Essence,72 000
Peugeot,2008,133 000 km,2017,Manuelle,Propulsion,5 cv,Essence,46 000
Ford,Fusion,85 000 km,2016,Manuelle,Propulsion,9 cv,Essence,57 000
Land,Rover Discovery Sport,187 000 km,2017,Automatique,Traction,10 cv,Diesel,117 000
Hyundai,Santa Fe,113 000 km,2016,Automatique,Traction,11 cv,Essence,140 000
Audi,Q3,50 000 km,2022,Automatique,Propulsion,9 cv,Essence,155 000
Jeep,Renegade,74 000 km,2019,Automatique,Propulsion,8 cv,Essence,79 000
KIA,Seltos,37 000 km,2021,Automatique,Traction,8 cv,Essence,95 000
BMW,Série 3,180 000 km,1988,Manuelle,Propulsion,7 cv,Diesel,20 900
Suzuki,Swift GL,90 000 km,2018,Manuelle,Traction,5 cv,Essence,33 800
Nissan,350Z,40 000 km,2003,Automatique,Propulsion,20 cv,Essence,87 000
BMW,Série 5,190 000 km,2005,Automatique,Propulsion,18 cv,Diesel,87 000
Volkswagen,Golf 7,70 000 km,2016,Automatique,Traction,13 cv,Essence,106 000
BMW,X6,200 000 km,2010,Automatique,Intégrale,15 cv,Diesel,98 000
KIA,Sportage,39 000 km,2022,Automatique,Intégrale,10 cv,Essence,Sous leasing                    148 600
Mercedes-Benz,GLA AMG,67 000 km,2016,Automatique,Intégrale,8 cv,Essence,115 000
Dacia,Dokker Van,90 000 km,2020,Manuelle,Traction,6 cv,Diesel,34 900
Toyota,Hilux Simple Cabine,480 000 km,2010,Manuelle,Intégrale,10 cv,Diesel,73 800
Peugeot,3008 Crossway,140 000 km,2018,Automatique,Traction,7 cv,Essence,82 000
Cupra,Formentor Style,56 000 km,2021,Automatique,Intégrale,8 cv,Hybride,129 000
Renault,Arkana Intense,73 000 km,2022,Automatique,Intégrale,5 cv,Hybride,89 000
KIA,Sportage GT-Line,140 000 km,2016,Automatique,Propulsion,10 cv,Diesel,97 000
Mercedes-Benz,Classe E Avantgarde,161 000 km,2009,Automatique,Propulsion,12 cv,Diesel,59 000
KIA,Rio Berline SX,114 000 km,2019,Automatique,Traction,6 cv,Essence,58 000
BMW,Série 1 Sport,115 000 km,2015,Automatique,Intégrale,9 cv,Essence,62 000
DS,4 Crossback,150 000 km,2017,Automatique,Traction,9 cv,Essence,54 000
Mercedes-Benz,ML 320 CDI,250 000 km,2010,Automatique,Intégrale,15 cv,Diesel,79 000
Mahindra,KUV 100,20 000 km,2021,Manuelle,Intégrale,5 cv,Essence,34 000
Skoda,Scala Essence,95 000 km,2020,Automatique,Traction,6 cv,Essence,67 000
Ssangyong,Korando Classic,160 000 km,2021,Automatique,Propulsion,7 cv,Essence,75 000
MG,5,37 000 km,2022,Automatique,Traction,7 cv,Essence,57 000
Citroën,Nemo Business,130 000 km,2018,Manuelle,Propulsion,5 cv,Diesel,28 000
Peugeot,Partner Origin Utilitaire Pack Clim PM,73 000 km,2019,Manuelle,Traction,5 cv,Diesel,56 000
KIA,Sportage GT-Line,139 000 km,2018,Automatique,Traction,7 cv,Diesel,95 000
Cupra,Formentor Sport,41 000 km,2022,Automatique,Traction,11 cv,Essence,155 000
BMW,Série 4 Gran Coupé M,110 000 km,2017,Automatique,Propulsion,7 cv,Essence,120 000
Mercedes-Benz,Classe E coupé,160 000 km,2011,Automatique,Propulsion,11 cv,Essence,62 000
Peugeot,206+ Populaire,110 000 km,2012,Manuelle,Traction,4 cv,Essence,23 500
KIA,Sportage Hybride GT-Line,36 000 km,2023,Automatique,Traction,10 cv,Hybride,150 000
KIA,Rio 5p SX,68 954 km,2019,Manuelle,Traction,5 cv,Essence,54 000
Volkswagen,Golf 7 Highline,26 043 km,2016,Manuelle,Traction,7 cv,Essence,75 000
Volkswagen,Golf 8 Life,70 001 km,2020,Manuelle,Traction,6 cv,Essence,87 000
Toyota,Land Cruiser,142 060 km,2010,Automatique,Traction,11 cv,Diesel,175 000
Volkswagen,Golf 7 Confortline,169 452 km,2019,Automatique,Traction,6 cv,Essence,69 000
BMW,Série 1,131 766 km,2009,Automatique,Traction,7 cv,Essence,40 000
Mercedes-Benz,Classe E AMG,55 001 km,2019,Automatique,Traction,9 cv,Essence,165 000
Mercedes-Benz,Classe C AMG +,0 km,2024,Automatique,Traction,9 cv,Essence,275 000
Mercedes-Benz,GLA La nouvelle Gla 250e AMG,10 730 km,2023,Automatique,Traction,8 cv,Hybride,235 000
Mercedes-Benz,Classe E AMG,10 776 km,2023,Automatique,Traction,11 cv,Essence,390 000
BMW,X3 Luxury Line,186 000 km,2006,Automatique,Traction,13 cv,Diesel,65 000
Mercedes-Benz,Classe C AMG,50 893 km,2022,Automatique,Traction,9 cv,Hybride,185 000
KIA,Picanto Populaire,3 805 km,2021,Manuelle,Traction,4 cv,Essence,43 000
Lada,4x4 Urban,24 387 km,2018,Manuelle,Traction,7 cv,Essence,36 000
Haval,H6,12 442 km,2023,Automatique,Traction,8 cv,Essence,126 000
Nissan,Juke Tekna,163 166 km,2014,Automatique,Traction,7 cv,Essence,51 000
Mitsubishi,Pajero LIMITED EDITION,20 742 km,2023,Manuelle,Traction,11 cv,Diesel,160 000
Mercedes-Benz,CLA AMG Edition 1,31 235 km,2021,Automatique,Traction,8 cv,Hybride,169 900
Peugeot,308 GT-Line GT-Line,96 300 km,2020,Manuelle,Traction,5 cv,Diesel,64 000
Toyota,Prado,199 425 km,2003,Manuelle,Traction,12 cv,Diesel,129 000
Mini,5 portes,18 000 km,2021,Automatique,Traction,7 cv,Essence,135 000
BMW,Série 3 coupé,156 000 km,2010,Automatique,Traction,9 cv,Essence,62 000
Mahindra,KUV 100 K6+,63 000 km,2021,Manuelle,Traction,5 cv,Essence,30 000
Haval,Jolion 1 ere,30 000 km,2023,Automatique,Traction,9 cv,Essence,93 000
Peugeot,308,48 000 km,2023,Automatique,Traction,7 cv,Diesel,126 000
Volkswagen,Tiguan R-Line,54 723 km,2023,Automatique,Traction,9 cv,Essence,198 000
Peugeot,Expert,139 199 km,2019,Manuelle,Traction,6 cv,Diesel,59 000
Volkswagen,Golf 8 R-Line,36 651 km,2022,Automatique,Traction,8 cv,Hybride,138 000
Ford,Ecosport 1 ère main,21 544 km,2022,Manuelle,Traction,7 cv,Essence,85 000
Mini,Cabrio,86 111 km,2010,Manuelle,Traction,7 cv,Essence,48 000
KIA,Picanto 1 ère main,0 km,2024,Automatique,Traction,5 cv,Essence,61 000
Porsche,Cayman S,39 508 km,2008,Manuelle,Traction,21 cv,Essence,275 000
Seat,Ibiza,99 519 km,2021,Manuelle,Traction,4 cv,Essence,54 000
Toyota,Land Cruiser,316 620 km,2003,Automatique,Traction,12 cv,Diesel,119 000
Mercedes-Benz,GLC Coupé AMG,82 415 km,2020,Automatique,Traction,10 cv,Hybride,230 000
Mercedes-Benz,Classe C AMG,249 000 km,2011,Automatique,Traction,9 cv,Essence,65 000
Mercedes-Benz,Classe C,30 570 km,2021,Automatique,Traction,8 cv,Essence,178 000
Peugeot,3008,105 000 km,2017,Automatique,Traction,9 cv,Essence,71 000
Mercedes-Benz,CLA AMG,1 000 km,2024,Automatique,Traction,8 cv,Hybride,225 000
Volkswagen,Golf 8,85 181 km,2020,Manuelle,Traction,5 cv,Essence,88 000
Volkswagen,Golf 7 Join,86 000 km,2018,Manuelle,Traction,6 cv,Essence,79 000
Volkswagen,T-roc,74 107 km,2019,Manuelle,Traction,6 cv,Essence,78 000
Renault,Symbol,115 000 km,2020,Manuelle,Traction,5 cv,Essence,36 000
Mercedes-Benz,CLA AMG,18 500 km,2023,Automatique,Traction,8 cv,Hybride,185 000
Mercedes-Benz,Classe A AMG,68 000 km,2018,Automatique,Traction,8 cv,Essence,135 000
BMW,Série 3 Luxury,112 000 km,2013,Automatique,Traction,7 cv,Essence,65 000
Audi,Q5 S-line,176 000 km,2015,Automatique,Traction,10 cv,Diesel,110 000
Mercedes-Benz,Classe C AMG,145 000 km,2019,Automatique,Traction,6 cv,Diesel,145 000
Peugeot,2008 Allure Toit Cielo Blanc Nacré,125 000 km,2018,Automatique,Traction,6 cv,Essence,50 000
Mercedes-Benz,Classe A AMG,141 000 km,2019,Automatique,Traction,7 cv,Diesel,119 000
Hyundai,i30 Fastback High grade,19 000 km,2022,Automatique,Traction,8 cv,Essence,86 500
Haval,H6 Luxury,100 000 km,2019,Automatique,Traction,9 cv,Essence,71 000
Fiat,Punto,216 000 km,2015,Manuelle,Traction,4 cv,Essence,29 000
Mercedes-Benz,CLA AMG,25 000 km,2021,Automatique,Traction,8 cv,Hybride,170 000
Mercedes-Benz,Classe A AMG,35 000 km,2020,Automatique,Traction,8 cv,Hybride,135 000
Peugeot,308,102 000 km,2020,Manuelle,Traction,5 cv,Essence,50 000
Mercedes-Benz,Classe C AMG +,6 569 km,2022,Automatique,Propulsion,9 cv,Hybride,245 000
Chery,Tiggo 3X,8 000 km,2022,Automatique,Traction,6 cv,Essence,58 000
Seat,Ibiza,45 000 km,2023,Automatique,Traction,6 cv,Essence,76 000
Seat,Ibiza,46 000 km,2023,Automatique,Propulsion,6 cv,Essence,73 000
KIA,Sportage 1.6L Diesel,105 000 km,2018,Manuelle,Traction,6 cv,Diesel,89 000
Mercedes-Benz,Classe C,235 000 km,2013,Manuelle,Traction,9 cv,Essence,55 500
Audi,Q5 2.0L,255 000 km,2009,Automatique,Traction,13 cv,Essence,47 000
Volkswagen,Golf 8,40 000 km,2023,Automatique,Traction,8 cv,Essence,139 000
Mercedes-Benz,Classe C AMG,164 000 km,2014,Automatique,Traction,9 cv,Essence,89 000
Mercedes-Benz,Classe E 1.6L,132 000 km,2017,Automatique,Traction,9 cv,Essence,138 000
Seat,Leon Xcellence,37 000 km,2023,Automatique,Traction,7 cv,Essence,108 000
Jeep,Wrangler 4.0L,200 000 km,1989,Manuelle,Traction,8 cv,Essence,72 000
Renault,Clio 1.0L,135 000 km,2021,Manuelle,Traction,5 cv,Essence,38 500
Audi,A3 Sportback 1.2L,125 000 km,2019,Manuelle,Traction,6 cv,Essence,78 500
Cupra,Formentor 1.5L,19 000 km,2022,Automatique,Traction,8 cv,Hybride,119 000
Ford,Fusion 1.6,90 000 km,2017,Manuelle,Traction,9 cv,Essence,55 500
Mazda,3,124 000 km,2017,Manuelle,Traction,6 cv,Essence,49 500
Nissan,Juke Tekna,160 000 km,2015,Automatique,Traction,7 cv,Essence,42 500
Citroën,C3,92 000 km,2018,Manuelle,Traction,4 cv,Essence,38 000
Citroën,Berlingo Utilitaire 1.6L,31 000 km,2023,Manuelle,Traction,5 cv,Diesel,58 500
BMW,Série 1 M,40 000 km,2022,Automatique,Traction,7 cv,Essence,138 500
BMW,X1 1.6L,126 000 km,2016,Automatique,Traction,7 cv,Essence,85 000
BMW,X2 S drive,74 000 km,2020,Automatique,Traction,8 cv,Essence,132 000
Volkswagen,Golf 7 Importé,40 000 km,2020,Manuelle,Traction,6 cv,Essence,73 500
Volkswagen,Golf 8 1.5L,80 000 km,2021,Manuelle,Traction,7 cv,Essence,93 000
BMW,Série 5 520,182 000 km,2014,Automatique,Traction,9 cv,Essence,75 000
Skoda,Fabia 1.6L,137 000 km,2018,Manuelle,Traction,5 cv,Essence,43 000
Hyundai,Grand i10 1.0L,57 000 km,2021,Manuelle,Traction,4 cv,Essence,39 800
Volvo,XC60 2.0L,18 000 km,2022,Automatique,Traction,15 cv,Essence,227 000
Seat,Ibiza Style Plus,120 000 km,2020,Manuelle,Traction,4 cv,Essence,53 000
Peugeot,5008,160 000 km,2019,Manuelle,Traction,7 cv,Essence,78 000
Volkswagen,Tiguan R-Line,45 000 km,2022,Automatique,Intégrale,11 cv,Diesel,185 000
Mercedes-Benz,Classe E,158 000 km,2020,Automatique,Traction,8 cv,Diesel,168 000
BMW,Série 4 Gran Coupé,122 000 km,2019,Automatique,Traction,7 cv,Essence,118 000
Mitsubishi,L200 Simple Cabine,500 000 km,2009,Manuelle,Traction,8 cv,Diesel,24 000
Mercedes-Benz,Classe A,100 000 km,2020,Automatique,Traction,7 cv,Essence,108 000
Audi,Q5,369 000 km,2008,Automatique,Intégrale,15 cv,Diesel,70 000
Peugeot,5008,7 000 km,2023,Automatique,Traction,9 cv,Essence,138 000
BMW,X2,76 000 km,2020,Automatique,Traction,8 cv,Essence,122 000
Hyundai,Grand i10,99 000 km,2020,Manuelle,Traction,5 cv,Essence,38 500
Volkswagen,Golf 8,100 000 km,2021,Manuelle,Traction,6 cv,Essence,88 500
Porsche,Cayenne,207 000 km,2008,Automatique,Intégrale,21 cv,Essence,68 000
Peugeot,207,112 000 km,2012,Manuelle,Traction,5 cv,Essence,28 500
BMW,Série 1,202 000 km,2011,Manuelle,Propulsion,6 cv,Diesel,41 500
Peugeot,Partner,218 000 km,2014,Manuelle,Traction,5 cv,Diesel,27 000
Seat,Leon,207 000 km,2013,Manuelle,Traction,6 cv,Essence,40 500
Toyota,C-HR,155 000 km,2017,Automatique,Traction,6 cv,Essence,69 000
KIA,Rio 5p GT-Line,68 000 km,2021,Manuelle,Traction,5 cv,Essence,63 500
Ford,Ranger,229 000 km,2019,Automatique,Propulsion,7 cv,Diesel,134 000
Volkswagen,Golf 8,75 000 km,2020,Manuelle,Traction,7 cv,Essence,122 000
Hyundai,Creta,76 000 km,2019,Manuelle,Traction,7 cv,Essence,79 000
BMW,Série 3 coupé,219 000 km,2009,Manuelle,Propulsion,7 cv,Essence,44 800
Audi,A5 Sportback Ambition Luxe,132 000 km,2015,Automatique,Traction,10 cv,Essence,89 000
Audi,A4,199 000 km,2014,Manuelle,Traction,7 cv,Essence,53 000
BAIC,YX Kenbo S3,108 000 km,2017,Manuelle,Intégrale,7 cv,Essence,34 000
MG,GS,149 000 km,2018,Automatique,Intégrale,9 cv,Essence,54 000
Nissan,Navara,295 000 km,2008,Manuelle,Intégrale,8 cv,Diesel,47 000
Volkswagen,Golf 7,79 000 km,2019,Manuelle,Traction,6 cv,Essence,75 000
Audi,A6,124 000 km,2016,Automatique,Traction,10 cv,Essence,102 000
Ford,Ecosport,151 000 km,2019,Automatique,Traction,7 cv,Essence,55 000
Ford,Focus Rs,114 000 km,2018,Manuelle,Traction,6 cv,Essence,54 000
Mitsubishi,Pajero,384 000 km,2001,Automatique,Intégrale,10 cv,Diesel,59 000
Land,Rover Range Rover Evoque,43 000 km,2021,Automatique,Intégrale,13 cv,Hybride,205 000
Nissan,Patrol,166 000 km,1993,Manuelle,Intégrale,11 cv,Diesel,54 000
Porsche,Cayenne,249 000 km,2010,Automatique,Intégrale,15 cv,Diesel,152 000
MG,ZS,75 000 km,2021,Automatique,Traction,7 cv,Essence,75 000
Ssangyong,Tivoli,40 000 km,2017,Manuelle,Traction,7 cv,Essence,60 000
KIA,Sportage GT-Line,124 000 km,2019,Automatique,Traction,8 cv,Diesel,97 000
Mercedes-Benz,Classe E,15 000 km,2022,Automatique,Propulsion,9 cv,Essence,248 000
Renault,Kadjar Intens,141 000 km,2018,Automatique,Traction,7 cv,Essence,69 500
Volkswagen,Polo,128 000 km,2020,Manuelle,Traction,4 cv,Essence,42 800
Mazda,BT-50,162 000 km,2015,Manuelle,Intégrale,9 cv,Diesel,65 500
Skoda,Fabia,120 000 km,2020,Manuelle,Traction,4 cv,Essence,35 700
BMW,Série 3 Luxury,178 000 km,2014,Automatique,Propulsion,7 cv,Essence,64 500
Nissan,Qashqai,148 000 km,2016,Manuelle,Traction,6 cv,Essence,60 500
Ford,Ranger,223 000 km,2019,Automatique,Intégrale,8 cv,Diesel,155 000
Peugeot,508 GT Line,115 000 km,2020,Automatique,Traction,9 cv,Essence,116 000
Hyundai,Veloster,87 000 km,2019,Automatique,Traction,11 cv,Essence,112 000
Mercedes-Benz,Classe C,137 000 km,2017,Automatique,Propulsion,8 cv,Essence,115 000
Fiat,Doblo,38 000 km,2021,Manuelle,Traction,5 cv,Diesel,44 500
Mercedes-Benz,GLA,201 000 km,2017,Automatique,Traction,7 cv,Essence,83 000
Volkswagen,Golf 7,135 000 km,2017,Automatique,Traction,6 cv,Essence,69 000
Mercedes-Benz,Classe C AMG,29 000 km,2022,Automatique,Propulsion,9 cv,Hybride,228 000
Mercedes-Benz,GLA AMG,65 000 km,2016,Automatique,Traction,8 cv,Essence,118 000
Volkswagen,Amarok Highline Double Cabine,215 000 km,2017,Automatique,Traction,7 cv,Diesel,94 000
Land,Rover Range Rover Evoque,138 000 km,2016,Automatique,Traction,15 cv,Essence,97 000
BMW,Série 5 Confort Luxury,119 000 km,2016,Automatique,Traction,9 cv,Essence,109 000
Hyundai,Tucson Hybride,51 000 km,2021,Automatique,Traction,7 cv,Hybride,145 000
Mercedes-Benz,CLA,60 000 km,2021,Automatique,Traction,6 cv,Diesel,145 000
Peugeot,Landtrek Simple Cabine Avec cabine frigorifique,45 000 km,2023,Manuelle,Propulsion,6 cv,Diesel,78 000
Renault,Megane Sedan,46 000 km,2019,Manuelle,Traction,7 cv,Essence,61 000
Ford,Ecosport,19 000 km,2022,Manuelle,Traction,7 cv,Essence,78 000
Opel,Calibra Turbo 4x4,76 000 km,1994,Manuelle,Intégrale,8 cv,Essence,59 000
Mercedes-Benz,ML,355 000 km,2006,Automatique,Traction,15 cv,Diesel,55 000
Peugeot,206,183 000 km,2005,Manuelle,Traction,4 cv,Essence,17 000
Chery,Tiggo 3,108 000 km,2017,Manuelle,Traction,8 cv,Essence,36 500
Tesla,Model 3 Modèle 3 Highland 2024,15 000 km,2023,Automatique,Propulsion,8 cv,Electrique,190 000
Mercedes-Benz,GLA AMG,25 000 km,2021,Automatique,Traction,8 cv,Hybride,180 000
BMW,Série 5 Pack Sport M,102 000 km,2016,Automatique,Propulsion,9 cv,Essence,110 000
Ford,Ranger Double Cabine XLT,340 000 km,2011,Manuelle,Traction,10 cv,Diesel,32 000
Volkswagen,Golf 7 Cup,136 000 km,2015,Manuelle,Traction,5 cv,Essence,56 000
Volkswagen,Golf 7 importee toit pano,65 000 km,2019,Manuelle,Traction,5 cv,Essence,73 000
Skoda,Rapid Style,45 000 km,2019,Manuelle,Traction,5 cv,Essence,56 000
Ford,Focus ST-Line,60 000 km,2020,Automatique,Traction,6 cv,Essence,79 000
Mini,5 portes,20 000 km,2019,Automatique,Traction,7 cv,Essence,79 000
Land,Rover Range Rover Sport HSE Dynamic,80 000 km,2020,Automatique,Intégrale,17 cv,Hybride,312 000
Land,Rover Range Rover V8 4.2 SUPERCHARGED,60 000 km,2010,Automatique,Intégrale,32 cv,Essence,189 000
BAIC,YX Kenbo S3,145 000 km,2017,Manuelle,Propulsion,7 cv,Essence,35 000
Mercedes-Benz,Classe C AMG,67 000 km,2019,Automatique,Propulsion,6 cv,Diesel,143 000
Hyundai,ix35,280 000 km,2014,Automatique,Traction,11 cv,Diesel,57 000
MG,ZS,65 000 km,2019,Automatique,Traction,7 cv,Essence,65 000
Mazda,CX-5 High Grade,63 000 km,2019,Automatique,Intégrale,9 cv,Essence,115 000
Mercedes-Benz,Classe C AMG +,201 000 km,2013,Automatique,Intégrale,9 cv,Essence,81 000
Nissan,Qashqai Tekna,80 000 km,2019,Automatique,Propulsion,6 cv,Essence,80 000
Toyota,Corolla,66 000 km,2022,Automatique,Traction,6 cv,Essence,70 000
Jaguar,F-Pace,84 000 km,2018,Automatique,Traction,10 cv,Diesel,180 000
Land,Rover Range Rover Evoque,122 000 km,2015,Automatique,Traction,15 cv,Essence,95 000
Toyota,C-HR,102 000 km,2020,Automatique,Traction,6 cv,Essence,78 000
Cupra,Formentor Exclusive,23 000 km,2022,Automatique,Traction,11 cv,Essence,145 000
Jeep,Compass,76 000 km,2020,Automatique,Traction,11 cv,Essence,95 000
Porsche,Cayenne Coupé,77 000 km,2020,Automatique,Traction,22 cv,Hybride,480 000
Porsche,Cayenne,183 000 km,2010,Automatique,Traction,41 cv,Essence,158 000
Toyota,Yaris Cross Hybride,2 000 km,2024,Automatique,Traction,5 cv,Hybride,114 000
Porsche,Panamera,183 000 km,2012,Automatique,Traction,20 cv,Essence,119 000
Fiat,Doblo,41 000 km,2021,Manuelle,Traction,6 cv,Essence,51 000
KIA,Rio 5p,205 000 km,2012,Manuelle,Traction,5 cv,Essence,32 000
MG,ZS Confort Plus,116 000 km,2020,Manuelle,Traction,7 cv,Essence,62 000
Mitsubishi,L200 Double Cabine DID SPORTERO,35 000 km,2022,Automatique,Intégrale,8 cv,Diesel,152 000
Audi,Q2 S-Line,75 000 km,2021,Automatique,Traction,8 cv,Essence,125 000
Volkswagen,Passat,22 000 km,2022,Automatique,Traction,8 cv,Essence,95 000
Seat,Leon,61 847 km,2020,Manuelle,Traction,6 cv,Essence,70 000
KIA,Sportage,55 000 km,2021,Automatique,Traction,7 cv,Diesel,115 000
Volkswagen,Golf 7,88 000 km,2018,Manuelle,Traction,8 cv,Essence,95 000
Volkswagen,T-roc Pack chrome,59 000 km,2019,Manuelle,Traction,6 cv,Essence,79 000
Volkswagen,Golf 8,78 000 km,2021,Manuelle,Traction,5 cv,Essence,81 000
Volkswagen,Golf 8,68 000 km,2021,Manuelle,Traction,6 cv,Essence,85 500
Suzuki,Swift GLX,65 000 km,2020,Automatique,Traction,5 cv,Essence,43 000
Peugeot,2008,110 000 km,2020,Manuelle,Traction,6 cv,Essence,72 000
Mercedes-Benz,GLC Coupé,52 000 km,2020,Automatique,Intégrale,11 cv,Diesel,240 000
Mercedes-Benz,Classe C AMG,36 000 km,2020,Automatique,Traction,9 cv,Essence,139 000
KIA,Picanto GT-Line,85 000 km,2021,Automatique,Traction,5 cv,Essence,49 000
Honda,City LX Sport,80 000 km,2022,Automatique,Traction,6 cv,Essence,67 000
Suzuki,Swift,80 000 km,2021,Manuelle,Traction,5 cv,Essence,41 800
Volkswagen,Polo Smartline,63 000 km,2021,Manuelle,Traction,4 cv,Essence,53 000
Fiat,Fiorino Utilitaire,13 000 km,2023,Manuelle,Traction,5 cv,Diesel,44 500
Fiat,Panda City Cross,72 000 km,2022,Manuelle,Traction,4 cv,Essence,43 800
Seat,Leon Style,167 000 km,2016,Automatique,Traction,6 cv,Essence,52 500
Dacia,Dokker Van Lux Tolée Plus,140 000 km,2022,Manuelle,Traction,5 cv,Essence,39 000
Chevrolet,Sonic Comfort,87 000 km,2021,Manuelle,Traction,5 cv,Essence,41 000
Volkswagen,Golf 7 Smartline,170 000 km,2019,Automatique,Traction,6 cv,Essence,57 000
Audi,A3 Sportback,128 000 km,2018,Manuelle,Traction,6 cv,Essence,69 000
Volkswagen,Golf 8,69 000 km,2021,Manuelle,Traction,6 cv,Essence,87 000
MG,HS,46 000 km,2021,Automatique,Traction,10 cv,Essence,83 000
MG,RX8 4x4 SUV,24 000 km,2023,Automatique,Traction,16 cv,Essence,135 000
Mercedes-Benz,Classe A AMG,63 000 km,2020,Automatique,Traction,9 cv,Essence,144 000
Volkswagen,Virtus Confortline,30 000 km,2023,Manuelle,Traction,6 cv,Essence,61 000
Dongfeng,SX3 Confort,65 000 km,2020,Manuelle,Traction,8 cv,Essence,52 000
KIA,Rio 5p GX,84 000 km,2021,Manuelle,Traction,5 cv,Essence,52 800
Toyota,Yaris Sedan Elegance,134 000 km,2020,Manuelle,Traction,5 cv,Essence,46 500
BMW,Série 3 Confort Luxury Line,145 000 km,2016,Automatique,Propulsion,7 cv,Essence,79 000
KIA,Cee'd Comfort,178 000 km,2019,Manuelle,Traction,6 cv,Essence,52 000
Hyundai,Grand i10 Sedan High Grade,95 000 km,2021,Manuelle,Traction,5 cv,Essence,45 800
Smart,ForTwo Sport,101 000 km,2010,Manuelle,Propulsion,5 cv,Essence,27 500
MG,ZS,110 000 km,2021,Manuelle,Traction,7 cv,Essence,58 000
Citroën,C3 Live,119 000 km,2019,Manuelle,Traction,4 cv,Essence,34 500
Mercedes-Benz,Classe C Avantgarde,56 000 km,2013,Automatique,Traction,9 cv,Essence,95 000
Chery,Tiggo 3X Luxury,47 000 km,2022,Automatique,Traction,6 cv,Essence,52 000
Ssangyong,Tivoli Confort,43 000 km,2022,Manuelle,Traction,6 cv,Essence,74 000
Audi,A4 Design Luxe,44 000 km,2018,Automatique,Traction,8 cv,Essence,117 000
GMC,Sierra Americain,53 000 km,2022,Automatique,Traction,20 cv,Essence,380 000
BMW,Série 1,144 000 km,2015,Automatique,Propulsion,7 cv,Essence,55 000
Mercedes-Benz,GLE Coupé,54 000 km,2020,Automatique,Intégrale,18 cv,Diesel,420 000
Wallyscar,Iris,137 000 km,2020,Manuelle,Traction,4 cv,Essence,30 000
Mercedes-Benz,Classe C AMG,200 000 km,2011,Automatique,Traction,9 cv,Essence,71 000
KIA,Sportage,150 000 km,2019,Automatique,Propulsion,8 cv,Essence,85 000
BMW,Série 3 coupé Kit M///,152 000 km,2012,Manuelle,Traction,10 cv,Essence,74 000
Volkswagen,Passat R-Line,132 000 km,2020,Automatique,Traction,8 cv,Essence,99 000
Peugeot,308 Active,82 500 km,2020,Manuelle,Traction,6 cv,Essence,53 000
MG,HS,55 000 km,2022,Automatique,Traction,8 cv,Hybride,105 000
Toyota,C-HR,130 000 km,2020,Automatique,Traction,6 cv,Essence,79 000
Ford,Ecosport,50 000 km,2019,Manuelle,Traction,7 cv,Essence,58 000
Jeep,Renegade,150 000 km,2020,Manuelle,Traction,8 cv,Essence,73 000
Volkswagen,Tiguan,74 000 km,2019,Automatique,Traction,8 cv,Diesel,145 000
BMW,X1,133 000 km,2020,Automatique,Traction,8 cv,Essence,95 000
BMW,Série 4 Gran Coupé,48 000 km,2017,Automatique,Traction,7 cv,Essence,115 000
BMW,Série 7,140 000 km,2009,Automatique,Traction,23 cv,Essence,89 000
BMW,Série 5 Pack M,142 000 km,2020,Automatique,Traction,10 cv,Essence,145 000
Audi,A5 Sportback,198 000 km,2018,Automatique,Traction,8 cv,Essence,90 000
Mercedes-Benz,CL AMG,115 000 km,2008,Automatique,Traction,30 cv,Essence,95 000
Mercedes-Benz,Classe E coupé AMG,80 000 km,2019,Automatique,Traction,12 cv,Essence,249 000
Land,Rover Range Rover Velar R-Dynamic,107 000 km,2019,Automatique,Traction,16 cv,Essence,220 000
Maserati,Quattroporte M139 F1 V8 Formula One ( F1 ),96 000 km,2005,Automatique,Traction,34 cv,Essence,115 000
Maserati,Levante,66 000 km,2016,Automatique,Intégrale,29 cv,Diesel,250 000
Toyota,Tundra 5.7 Limitée et Kit Spécial,106 000 km,2014,Automatique,Intégrale,22 cv,Essence,260 000
BMW,Série 3,168 000 km,2014,Manuelle,Traction,7 cv,Essence,63 000
Ford,Ecosport,18 000 km,2023,Manuelle,Traction,7 cv,Essence,72 000
Audi,A3 Sportback,100 000 km,2018,Manuelle,Traction,6 cv,Essence,67 500
Honda,City EX,138 000 km,2018,Automatique,Intégrale,7 cv,Essence,43 500
Mercedes-Benz,Classe C 200 AMG,200 003 km,2011,Automatique,Traction,8 cv,Diesel,68 000
Wallyscar,719 Atmos,85 795 km,2023,Manuelle,Traction,7 cv,Essence,Sous leasing                    48 100
BMW,Série 5,97 000 km,2017,Automatique,Propulsion,10 cv,Essence,120 000
Fiat,500X Pop Star,90 000 km,2018,Automatique,Traction,7 cv,Essence,58 000
Mercedes-Benz,Classe C Avantgarde,93 000 km,2017,Automatique,Traction,6 cv,Diesel,115 000
Volkswagen,Polo Sedan Trendline,170 000 km,2020,Manuelle,Traction,5 cv,Essence,41 300
Mercedes-Benz,Classe A AMG,180 000 km,2014,Automatique,Traction,6 cv,Essence,68 500
Audi,Q2,173 000 km,2017,Automatique,Traction,6 cv,Essence,69 000
Volkswagen,Golf 7,202 000 km,2018,Manuelle,Traction,6 cv,Essence,58 000
Haval,H6,20 000 km,2022,Automatique,Intégrale,8 cv,Essence,118 000
MG,3,70 000 km,2021,Manuelle,Intégrale,6 cv,Essence,48 000
Toyota,Agya 4 cylindres,64 000 km,2021,Automatique,Traction,5 cv,Essence,37 500
Jeep,Renegade Limited,130 000 km,2019,Automatique,Traction,8 cv,Essence,66 000
KIA,Rio 5p GT-Line,72 000 km,2021,Manuelle,Traction,5 cv,Essence,65 000
Hyundai,i20 High Grade,54 000 km,2022,Manuelle,Traction,5 cv,Essence,64 000
KIA,Rio 5p,124 000 km,2021,Manuelle,Traction,5 cv,Essence,49 800
Hyundai,Grand i10 High Grade,47 000 km,2023,Manuelle,Traction,5 cv,Essence,48 500
Seat,Ibiza Style,120 000 km,2021,Manuelle,Traction,4 cv,Essence,46 000
KIA,Sorento,352 000 km,2015,Automatique,Traction,12 cv,Diesel,72 000
Citroën,C4 Dynamique,87 000 km,2017,Manuelle,Traction,5 cv,Essence,45 000
Volkswagen,Polo Sedan Highline,94 000 km,2022,Manuelle,Traction,5 cv,Essence,53 000
BMW,X5 Confort xLine,112 000 km,2020,Automatique,Traction,14 cv,Essence,265 000
Renault,Megane Dynamique,160 000 km,2020,Automatique,Traction,5 cv,Essence,52 000
Hyundai,Grand i10 GLS,100 000 km,2021,Manuelle,Traction,5 cv,Essence,41 800
Suzuki,Swift GLX Pack,80 000 km,2021,Manuelle,Traction,5 cv,Essence,43 500
KIA,Sportage Toit Ouvrant,96 000 km,2018,Automatique,Traction,8 cv,Essence,78 000
Volkswagen,Polo,67 000 km,2021,Manuelle,Traction,4 cv,Essence,52 500
Mercedes-Benz,Classe C Business Advanced,87 000 km,2016,Manuelle,Traction,6 cv,Diesel,93 000
Geely,GX3,90 000 km,2022,Manuelle,Traction,6 cv,Essence,58 000
KIA,Rio 5p,117 000 km,2021,Manuelle,Traction,5 cv,Essence,56 000
Mercedes-Benz,GLA AMG,57 000 km,2021,Automatique,Traction,8 cv,Hybride,179 000
Volkswagen,Passat R-Line DSG,51 000 km,2021,Automatique,Traction,8 cv,Essence,125 000
Seat,Arona FR,15 000 km,2022,Automatique,Traction,6 cv,Essence,96 000
Ford,Focus Comfort,130 000 km,2016,Manuelle,Traction,6 cv,Essence,42 800
Mercedes-Benz,GLC Coupé AMG,29 000 km,2021,Automatique,Propulsion,12 cv,Hybride,256 000
BMW,Série 5,280 000 km,2015,Automatique,Traction,9 cv,Essence,65 000
Land,Rover Range Rover Velar R-Dynamic,19 000 km,2019,Automatique,Traction,15 cv,Essence,335 000
BMW,Série 5 Business Line,132 000 km,2018,Automatique,Propulsion,10 cv,Essence,130 000
Hyundai,Grand i10 High Grade,74 000 km,2021,Automatique,Traction,5 cv,Essence,47 800
Seat,Leon Référence,72 000 km,2014,Manuelle,Traction,5 cv,Essence,52 000
Haval,H6 Luxury,45 000 km,2021,Automatique,Traction,9 cv,Essence,82 000
Porsche,Cayenne,176 000 km,2011,Automatique,Propulsion,15 cv,Diesel,125 000
Haval,H2,43 000 km,2020,Automatique,Traction,9 cv,Essence,66 000
Skoda,Octavia Ambition Edition Spéciale,10 200 km,2023,Automatique,Traction,8 cv,Essence,100 000
KIA,Rio 5p SX,35 000 km,2020,Manuelle,Traction,5 cv,Essence,58 500
BMW,Série 1 Business Line,251 000 km,2012,Manuelle,Traction,7 cv,Essence,36 500
Volkswagen,Golf 7 Sound,125 000 km,2018,Manuelle,Traction,6 cv,Essence,78 000
